position.x,position.y,position.z,orientation.x,orientation.y,orientation.z,orientation.w
-8.735864679977716207e-01,6.055727380855183140e-02,0.000000000000000000e+00,0.000000000000000000e+00,0.000000000000000000e+00,3.687271564249749306e-02,9.993199702003094931e-01
-8.735864679977716207e-01,6.055727380855183140e-02,0.000000000000000000e+00,0.000000000000000000e+00,0.000000000000000000e+00,3.687271564249749306e-02,9.993199702003094931e-01
-8.735864679977716207e-01,6.055727380855183140e-02,0.000000000000000000e+00,0.000000000000000000e+00,0.000000000000000000e+00,3.687271564249749306e-02,9.993199702003094931e-01
-8.735864679977716207e-01,6.055727380855183140e-02,0.000000000000000000e+00,0.000000000000000000e+00,0.000000000000000000e+00,3.687271564249749306e-02,9.993199702003094931e-01
-8.735864679977716207e-01,6.055727380855183140e-02,0.000000000000000000e+00,0.000000000000000000e+00,0.000000000000000000e+00,3.687271564249749306e-02,9.993199702003094931e-01
-8.735864679977716207e-01,6.055727380855183140e-02,0.000000000000000000e+00,0.000000000000000000e+00,0.000000000000000000e+00,3.687271564249749306e-02,9.993199702003094931e-01
-8.735864679977716207e-01,6.055727380855183140e-02,0.000000000000000000e+00,0.000000000000000000e+00,0.000000000000000000e+00,3.687271564249749306e-02,9.993199702003094931e-01
-8.735864679977716207e-01,6.055727380855183140e-02,0.000000000000000000e+00,0.000000000000000000e+00,0.000000000000000000e+00,3.687271564249749306e-02,9.993199702003094931e-01
-8.735864679977716207e-01,6.055727380855183140e-02,0.000000000000000000e+00,0.000000000000000000e+00,0.000000000000000000e+00,3.687271564249749306e-02,9.993199702003094931e-01
-8.735864679977716207e-01,6.055727380855183140e-02,0.000000000000000000e+00,0.000000000000000000e+00,0.000000000000000000e+00,3.687271564249749306e-02,9.993199702003094931e-01
-8.735864679977716207e-01,6.055727380855183140e-02,0.000000000000000000e+00,0.000000000000000000e+00,0.000000000000000000e+00,3.687271564249749306e-02,9.993199702003094931e-01
-8.735864679977716207e-01,6.055727380855183140e-02,0.000000000000000000e+00,0.000000000000000000e+00,0.000000000000000000e+00,3.687271564249749306e-02,9.993199702003094931e-01
-8.735864679977716207e-01,6.055727380855183140e-02,0.000000000000000000e+00,0.000000000000000000e+00,0.000000000000000000e+00,3.687271564249749306e-02,9.993199702003094931e-01
-8.735864679977716207e-01,6.055727380855183140e-02,0.000000000000000000e+00,0.000000000000000000e+00,0.000000000000000000e+00,3.687271564249749306e-02,9.993199702003094931e-01
-8.735864679977716207e-01,6.055727380855180364e-02,0.000000000000000000e+00,0.000000000000000000e+00,0.000000000000000000e+00,3.687271564249749306e-02,9.993199702003094931e-01
-8.735864679977716207e-01,6.055727380855183140e-02,0.000000000000000000e+00,0.000000000000000000e+00,0.000000000000000000e+00,3.687271564249749306e-02,9.993199702003094931e-01
-8.735864679977716207e-01,6.055727380855183140e-02,0.000000000000000000e+00,0.000000000000000000e+00,0.000000000000000000e+00,3.687271564249749306e-02,9.993199702003094931e-01
-8.735864679977716207e-01,6.055727380855183140e-02,0.000000000000000000e+00,0.000000000000000000e+00,0.000000000000000000e+00,3.687271564249749306e-02,9.993199702003094931e-01
-8.735864679977716207e-01,6.055727380855183140e-02,0.000000000000000000e+00,0.000000000000000000e+00,0.000000000000000000e+00,3.687271564249749306e-02,9.993199702003094931e-01
-8.735864679977716207e-01,6.055727380855183140e-02,0.000000000000000000e+00,0.000000000000000000e+00,0.000000000000000000e+00,3.687271564249749306e-02,9.993199702003094931e-01
-8.735864679977716207e-01,6.055727380855183140e-02,0.000000000000000000e+00,0.000000000000000000e+00,0.000000000000000000e+00,3.687271564249749306e-02,9.993199702003094931e-01
-8.735864679977716207e-01,6.055727380855183140e-02,0.000000000000000000e+00,0.000000000000000000e+00,0.000000000000000000e+00,3.687271564249749306e-02,9.993199702003094931e-01
-8.735864679977716207e-01,6.055727380855183140e-02,0.000000000000000000e+00,0.000000000000000000e+00,0.000000000000000000e+00,3.687271564249749306e-02,9.993199702003094931e-01
-8.735864679977716207e-01,6.055727380855183140e-02,0.000000000000000000e+00,0.000000000000000000e+00,0.000000000000000000e+00,3.687271564249749306e-02,9.993199702003094931e-01
-8.735864679977716207e-01,6.055727380855183140e-02,0.000000000000000000e+00,0.000000000000000000e+00,0.000000000000000000e+00,3.687271564249749306e-02,9.993199702003094931e-01
-8.736434190000894606e-01,6.058873274811585330e-02,0.000000000000000000e+00,0.000000000000000000e+00,0.000000000000000000e+00,3.687271564249749306e-02,9.993199702003094931e-01
-8.758481594001155113e-01,6.088646883096726636e-02,0.000000000000000000e+00,0.000000000000000000e+00,0.000000000000000000e+00,3.681669378190191577e-02,9.993220357116967545e-01
-8.930733608488229391e-01,5.908627536638536015e-02,0.000000000000000000e+00,0.000000000000000000e+00,0.000000000000000000e+00,3.662134673348081682e-02,9.993292135044518076e-01
-9.108118682230614827e-01,5.746727720722472066e-02,0.000000000000000000e+00,0.000000000000000000e+00,0.000000000000000000e+00,3.678001966787577265e-02,9.993233861734801549e-01
-9.559552033644589386e-01,5.382676346503728615e-02,0.000000000000000000e+00,0.000000000000000000e+00,0.000000000000000000e+00,3.658485921949050645e-02,9.993305499562644689e-01
-9.559552033644589386e-01,5.382676346503728615e-02,0.000000000000000000e+00,0.000000000000000000e+00,0.000000000000000000e+00,3.658485921949050645e-02,9.993305499562644689e-01
-9.780982494801393479e-01,5.224333465332769988e-02,0.000000000000000000e+00,0.000000000000000000e+00,0.000000000000000000e+00,3.625395509521981557e-02,9.993426092887032208e-01
-1.018773030266602930e+00,4.904329182479147398e-02,0.000000000000000000e+00,0.000000000000000000e+00,0.000000000000000000e+00,3.701114280588101157e-02,9.993148529408550917e-01
-1.038128647565661478e+00,4.730114537882573744e-02,0.000000000000000000e+00,0.000000000000000000e+00,0.000000000000000000e+00,3.674874011776419619e-02,9.993245369246954724e-01
-1.077655889908582632e+00,4.506646378119855134e-02,0.000000000000000000e+00,0.000000000000000000e+00,0.000000000000000000e+00,3.514925152953519982e-02,9.993820741422738685e-01
-1.098515653845030027e+00,4.406888622261248556e-02,0.000000000000000000e+00,0.000000000000000000e+00,0.000000000000000000e+00,3.564685594381588468e-02,9.993644488680397675e-01
-1.137322197563400916e+00,3.128886844234499143e-02,0.000000000000000000e+00,0.000000000000000000e+00,0.000000000000000000e+00,3.362922680791759905e-02,9.994343775877941871e-01
-1.137322197563400916e+00,3.128886844234499143e-02,0.000000000000000000e+00,0.000000000000000000e+00,0.000000000000000000e+00,3.362922680791759905e-02,9.994343775877941871e-01
-1.158421983848926917e+00,2.988794559358270986e-02,0.000000000000000000e+00,0.000000000000000000e+00,0.000000000000000000e+00,3.357792574662508966e-02,9.994361024610598498e-01
-1.199499626985124134e+00,2.583362160246191475e-02,0.000000000000000000e+00,0.000000000000000000e+00,0.000000000000000000e+00,3.326016159729875549e-02,9.994467277701806207e-01
-1.220028077602751448e+00,2.407877904002539426e-02,0.000000000000000000e+00,0.000000000000000000e+00,0.000000000000000000e+00,3.345226035523207742e-02,9.994403165157615954e-01
-1.261219405625050527e+00,2.206140433789377520e-02,0.000000000000000000e+00,0.000000000000000000e+00,0.000000000000000000e+00,3.360486006136619713e-02,9.994351971890204078e-01
-1.281830137415854498e+00,2.105206455614483385e-02,0.000000000000000000e+00,0.000000000000000000e+00,0.000000000000000000e+00,3.356138993007880267e-02,9.994366578758061559e-01
-1.318308522545757810e+00,1.909729896696937823e-02,0.000000000000000000e+00,0.000000000000000000e+00,0.000000000000000000e+00,3.266002073256222410e-02,9.994665192220041350e-01
-1.318308522545757810e+00,1.909729896696937823e-02,0.000000000000000000e+00,0.000000000000000000e+00,0.000000000000000000e+00,3.266002073256222410e-02,9.994665192220041350e-01
-1.381579444954950109e+00,1.669320130862700369e-02,0.000000000000000000e+00,0.000000000000000000e+00,0.000000000000000000e+00,3.267391750639708076e-02,9.994660650141079516e-01
-1.381579444954950109e+00,1.669320130862700369e-02,0.000000000000000000e+00,0.000000000000000000e+00,0.000000000000000000e+00,3.267391750639708076e-02,9.994660650141079516e-01
-1.402544008226211059e+00,1.571256281516761333e-02,0.000000000000000000e+00,0.000000000000000000e+00,0.000000000000000000e+00,3.224573016632615446e-02,9.994799712280584281e-01
-1.432719860341591378e+00,1.406437506625068945e-02,0.000000000000000000e+00,0.000000000000000000e+00,0.000000000000000000e+00,3.191449321158963681e-02,9.994906028187795499e-01
-1.432719860341591378e+00,1.406437506625068945e-02,0.000000000000000000e+00,0.000000000000000000e+00,0.000000000000000000e+00,3.191449321158963681e-02,9.994906028187795499e-01
-1.417390360448073316e+00,1.513990059895903295e-02,0.000000000000000000e+00,0.000000000000000000e+00,0.000000000000000000e+00,3.186906993485443679e-02,9.994920521852523887e-01
-1.417390360448073316e+00,1.513990059895903295e-02,0.000000000000000000e+00,0.000000000000000000e+00,0.000000000000000000e+00,3.186906993485443679e-02,9.994920521852523887e-01
-1.421771042306622768e+00,1.523983351911484263e-02,0.000000000000000000e+00,0.000000000000000000e+00,0.000000000000000000e+00,3.199974447730126459e-02,9.994878770417314762e-01
-1.421790786948003316e+00,1.524241952822141810e-02,0.000000000000000000e+00,0.000000000000000000e+00,0.000000000000000000e+00,3.199654177286009871e-02,9.994879795748309315e-01
-1.423354968012453758e+00,1.533545374868436340e-02,0.000000000000000000e+00,0.000000000000000000e+00,0.000000000000000000e+00,3.184669986144292309e-02,9.994927652104016458e-01
-1.421845274706129647e+00,1.522396639270878760e-02,0.000000000000000000e+00,0.000000000000000000e+00,0.000000000000000000e+00,3.207013125366939971e-02,9.994856210478330061e-01
-1.421845274706129647e+00,1.522396639270878760e-02,0.000000000000000000e+00,0.000000000000000000e+00,0.000000000000000000e+00,3.207013125366939971e-02,9.994856210478330061e-01
-1.420988904935939878e+00,1.526867970860812385e-02,0.000000000000000000e+00,0.000000000000000000e+00,0.000000000000000000e+00,3.184114691544680936e-02,9.994929421277115589e-01
-1.420988904935939878e+00,1.526867970860812385e-02,0.000000000000000000e+00,0.000000000000000000e+00,0.000000000000000000e+00,3.184114691544680936e-02,9.994929421277115589e-01
-1.421186019092995911e+00,1.531664111090608182e-02,0.000000000000000000e+00,0.000000000000000000e+00,0.000000000000000000e+00,3.177486009717913479e-02,9.994950516464824464e-01
-1.421186019092995911e+00,1.531664111090608182e-02,0.000000000000000000e+00,0.000000000000000000e+00,0.000000000000000000e+00,3.177486009717913479e-02,9.994950516464824464e-01
-1.421186019092995911e+00,1.531664111090608182e-02,0.000000000000000000e+00,0.000000000000000000e+00,0.000000000000000000e+00,3.177486009717913479e-02,9.994950516464824464e-01
-1.421186019092996133e+00,1.531664111090608182e-02,0.000000000000000000e+00,0.000000000000000000e+00,0.000000000000000000e+00,3.177486009717913479e-02,9.994950516464824464e-01
-1.421186019092996133e+00,1.531664111090608182e-02,0.000000000000000000e+00,0.000000000000000000e+00,0.000000000000000000e+00,3.177486009717913479e-02,9.994950516464824464e-01
-1.421186019092995911e+00,1.531664111090610958e-02,0.000000000000000000e+00,0.000000000000000000e+00,0.000000000000000000e+00,3.177486009717913479e-02,9.994950516464824464e-01
-1.421186019092995911e+00,1.531664111090608182e-02,0.000000000000000000e+00,0.000000000000000000e+00,0.000000000000000000e+00,3.177486009717913479e-02,9.994950516464824464e-01
-1.421186019092995911e+00,1.531664111090608182e-02,0.000000000000000000e+00,0.000000000000000000e+00,0.000000000000000000e+00,3.177486009717913479e-02,9.994950516464824464e-01
-1.421186019092995911e+00,1.531664111090608182e-02,0.000000000000000000e+00,0.000000000000000000e+00,0.000000000000000000e+00,3.177486009717913479e-02,9.994950516464824464e-01
-1.421186019092995911e+00,1.531664111090608182e-02,0.000000000000000000e+00,0.000000000000000000e+00,0.000000000000000000e+00,3.177486009717913479e-02,9.994950516464824464e-01
-1.421186019092995911e+00,1.531664111090608182e-02,0.000000000000000000e+00,0.000000000000000000e+00,0.000000000000000000e+00,3.177486009717913479e-02,9.994950516464824464e-01
-1.421186019092995911e+00,1.531664111090608182e-02,0.000000000000000000e+00,0.000000000000000000e+00,0.000000000000000000e+00,3.177486009717913479e-02,9.994950516464824464e-01
-1.420882819781203565e+00,1.498214010811935171e-02,0.000000000000000000e+00,0.000000000000000000e+00,0.000000000000000000e+00,3.205510213901322653e-02,9.994861031684519892e-01
-1.420882819781203565e+00,1.498214010811935171e-02,0.000000000000000000e+00,0.000000000000000000e+00,0.000000000000000000e+00,3.205510213901322653e-02,9.994861031684519892e-01
-1.420897742403682384e+00,1.287830324621594413e-02,0.000000000000000000e+00,0.000000000000000000e+00,0.000000000000000000e+00,3.247830780929576028e-02,9.994724406014627860e-01
-1.420870828705910416e+00,1.138580177128342696e-02,0.000000000000000000e+00,0.000000000000000000e+00,0.000000000000000000e+00,3.266365569272193514e-02,9.994664004341452523e-01
-1.420870828705910416e+00,1.138580177128342696e-02,0.000000000000000000e+00,0.000000000000000000e+00,0.000000000000000000e+00,3.266365569272193514e-02,9.994664004341452523e-01
-1.418463772225549091e+00,-3.291412976331084539e-02,0.000000000000000000e+00,0.000000000000000000e+00,0.000000000000000000e+00,3.211983200941926492e-02,9.994840250807847104e-01
-1.418463772225549091e+00,-3.291412976331084539e-02,0.000000000000000000e+00,0.000000000000000000e+00,0.000000000000000000e+00,3.211983200941926492e-02,9.994840250807847104e-01
-1.414248711538214298e+00,-1.078177275477261304e-01,0.000000000000000000e+00,0.000000000000000000e+00,0.000000000000000000e+00,3.169185758818562210e-02,9.994976869220909554e-01
-1.414203589559710927e+00,-1.084560123869602877e-01,0.000000000000000000e+00,0.000000000000000000e+00,0.000000000000000000e+00,3.169185758818562210e-02,9.994976869220909554e-01
-1.412462412943446433e+00,-1.339328132332804344e-01,0.000000000000000000e+00,0.000000000000000000e+00,0.000000000000000000e+00,3.120556417470405144e-02,9.995129877918237371e-01
-1.410087269207736416e+00,-1.737081093671273280e-01,0.000000000000000000e+00,0.000000000000000000e+00,0.000000000000000000e+00,1.601300222100492804e-02,9.998717836602201148e-01
-1.410087269207736416e+00,-1.737081093671273280e-01,0.000000000000000000e+00,0.000000000000000000e+00,0.000000000000000000e+00,1.601300222100492804e-02,9.998717836602201148e-01
-1.409628366711759728e+00,-1.985432053671012664e-01,0.000000000000000000e+00,0.000000000000000000e+00,0.000000000000000000e+00,-9.385080021556227794e-03,9.999559591666969949e-01
-1.409628366711759728e+00,-1.985432053671012664e-01,0.000000000000000000e+00,0.000000000000000000e+00,0.000000000000000000e+00,-9.385080021556227794e-03,9.999559591666969949e-01
-1.411972095960879692e+00,-2.415212303006578354e-01,0.000000000000000000e+00,0.000000000000000000e+00,0.000000000000000000e+00,-4.770877783823910395e-02,9.988612879259970434e-01
-1.412114355695351708e+00,-2.437735196209175892e-01,0.000000000000000000e+00,0.000000000000000000e+00,0.000000000000000000e+00,-4.770877783823910395e-02,9.988612879259970434e-01
-1.412114355695351708e+00,-2.437735196209175892e-01,0.000000000000000000e+00,0.000000000000000000e+00,0.000000000000000000e+00,-4.770877783823910395e-02,9.988612879259970434e-01
-1.418049497533817593e+00,-2.847023630661282834e-01,0.000000000000000000e+00,0.000000000000000000e+00,0.000000000000000000e+00,-8.439141395132904178e-02,9.964326817458846186e-01
-1.418049497533817593e+00,-2.847023630661282834e-01,0.000000000000000000e+00,0.000000000000000000e+00,0.000000000000000000e+00,-8.439141395132904178e-02,9.964326817458846186e-01
-1.425519046726646311e+00,-3.251650686917234578e-01,0.000000000000000000e+00,0.000000000000000000e+00,0.000000000000000000e+00,-1.163861224047939152e-01,9.932040427382362591e-01
-1.428529242865505644e+00,-3.387588994195770420e-01,0.000000000000000000e+00,0.000000000000000000e+00,0.000000000000000000e+00,-1.231951872488115385e-01,9.923824594574061075e-01
-1.428529242865505644e+00,-3.387588994195770420e-01,0.000000000000000000e+00,0.000000000000000000e+00,0.000000000000000000e+00,-1.231951872488115385e-01,9.923824594574061075e-01
-1.436061374183162709e+00,-3.653246509928272934e-01,0.000000000000000000e+00,0.000000000000000000e+00,0.000000000000000000e+00,-1.476493237312241358e-01,9.890397753385412605e-01
-1.436061374183162709e+00,-3.653246509928272934e-01,0.000000000000000000e+00,0.000000000000000000e+00,0.000000000000000000e+00,-1.476493237312241358e-01,9.890397753385412605e-01
-1.443828709776769248e+00,-3.911633973545934895e-01,0.000000000000000000e+00,0.000000000000000000e+00,0.000000000000000000e+00,-1.657357068983492387e-01,9.861702061302117794e-01
-1.452112987868134475e+00,-4.137262280524715008e-01,0.000000000000000000e+00,0.000000000000000000e+00,0.000000000000000000e+00,-1.882680106945056331e-01,9.821176895612528934e-01
-1.452112987868134475e+00,-4.137262280524715008e-01,0.000000000000000000e+00,0.000000000000000000e+00,0.000000000000000000e+00,-1.882680106945056331e-01,9.821176895612528934e-01
-1.452112987868134475e+00,-4.137262280524715008e-01,0.000000000000000000e+00,0.000000000000000000e+00,0.000000000000000000e+00,-1.882680106945056331e-01,9.821176895612528934e-01
-1.460056918548909621e+00,-4.197141361518835212e-01,0.000000000000000000e+00,0.000000000000000000e+00,0.000000000000000000e+00,-2.431252739303215726e-01,9.699948975001394524e-01
-1.460056918548909621e+00,-4.197141361518835212e-01,0.000000000000000000e+00,0.000000000000000000e+00,0.000000000000000000e+00,-2.431252739303215726e-01,9.699948975001394524e-01
-1.458826295603780077e+00,-4.205842673546895671e-01,0.000000000000000000e+00,0.000000000000000000e+00,0.000000000000000000e+00,-2.818096871396293390e-01,9.594703227480588792e-01
-1.458826295603780077e+00,-4.205842673546895671e-01,0.000000000000000000e+00,0.000000000000000000e+00,0.000000000000000000e+00,-2.818096871396293390e-01,9.594703227480588792e-01
-1.454131438104036222e+00,-4.254214345359385030e-01,0.000000000000000000e+00,0.000000000000000000e+00,0.000000000000000000e+00,-3.093936513997069260e-01,9.509340505384989983e-01
-1.454142868016225609e+00,-4.256092103688397521e-01,0.000000000000000000e+00,0.000000000000000000e+00,0.000000000000000000e+00,-3.146580396463787288e-01,9.492050980088012624e-01
-1.455026621459578173e+00,-4.267938982155784489e-01,0.000000000000000000e+00,0.000000000000000000e+00,0.000000000000000000e+00,-3.190314258450612783e-01,9.477441370556016764e-01
-1.466371971245698624e+00,-4.367940839314083390e-01,0.000000000000000000e+00,0.000000000000000000e+00,0.000000000000000000e+00,-3.173643348345457915e-01,9.483036849949630920e-01
-1.466371971245698624e+00,-4.367940839314083390e-01,0.000000000000000000e+00,0.000000000000000000e+00,0.000000000000000000e+00,-3.173643348345457915e-01,9.483036849949630920e-01
-1.480460023073955966e+00,-4.674785610840098693e-01,0.000000000000000000e+00,0.000000000000000000e+00,0.000000000000000000e+00,-3.174064170935223528e-01,9.482896004849219462e-01
-1.484039364550447049e+00,-5.039330897969367395e-01,0.000000000000000000e+00,0.000000000000000000e+00,0.000000000000000000e+00,-3.192038758122995312e-01,9.476860691528635749e-01
-1.484039364550447049e+00,-5.039330897969367395e-01,0.000000000000000000e+00,0.000000000000000000e+00,0.000000000000000000e+00,-3.192038758122995312e-01,9.476860691528635749e-01
-1.484039364550447049e+00,-5.039330897969367395e-01,0.000000000000000000e+00,0.000000000000000000e+00,0.000000000000000000e+00,-3.192038758122995312e-01,9.476860691528635749e-01
-1.485243265416704928e+00,-5.704721301755091289e-01,0.000000000000000000e+00,0.000000000000000000e+00,0.000000000000000000e+00,-3.192344195269612439e-01,9.476757807337297113e-01
-1.485243265416704928e+00,-5.704721301755091289e-01,0.000000000000000000e+00,0.000000000000000000e+00,0.000000000000000000e+00,-3.192344195269612439e-01,9.476757807337297113e-01
-1.489520273410814166e+00,-6.151687860453565193e-01,0.000000000000000000e+00,0.000000000000000000e+00,0.000000000000000000e+00,-3.198952735632581423e-01,9.474529085669051165e-01
-1.489680089370780891e+00,-6.211581308573990157e-01,0.000000000000000000e+00,0.000000000000000000e+00,0.000000000000000000e+00,-3.224345402432688412e-01,9.465917637810461471e-01
-1.489680089370780891e+00,-6.211581308573990157e-01,0.000000000000000000e+00,0.000000000000000000e+00,0.000000000000000000e+00,-3.224345402432688412e-01,9.465917637810461471e-01
-1.502845252766314088e+00,-6.774012661092754239e-01,0.000000000000000000e+00,0.000000000000000000e+00,0.000000000000000000e+00,-3.423872141051462203e-01,9.395589367449583840e-01
-1.505172800606751515e+00,-6.928931322853720820e-01,0.000000000000000000e+00,0.000000000000000000e+00,0.000000000000000000e+00,-3.469875688918905299e-01,9.378697281789702966e-01
-1.505172800606751515e+00,-6.928931322853720820e-01,0.000000000000000000e+00,0.000000000000000000e+00,0.000000000000000000e+00,-3.469875688918905299e-01,9.378697281789702966e-01
-1.507273081988449004e+00,-7.210195228079488983e-01,0.000000000000000000e+00,0.000000000000000000e+00,0.000000000000000000e+00,-3.552787408207919162e-01,9.347604058371281610e-01
-1.502629578351081685e+00,-7.426852977056465077e-01,0.000000000000000000e+00,0.000000000000000000e+00,0.000000000000000000e+00,-3.702584017062802713e-01,9.289288002672275724e-01
-1.502629578351081685e+00,-7.426852977056465077e-01,0.000000000000000000e+00,0.000000000000000000e+00,0.000000000000000000e+00,-3.702584017062802713e-01,9.289288002672275724e-01
-1.491941073575700383e+00,-7.630700132367760347e-01,0.000000000000000000e+00,0.000000000000000000e+00,0.000000000000000000e+00,-3.814847674058804983e-01,9.243751252804681684e-01
-1.491941073575700383e+00,-7.630700132367760347e-01,0.000000000000000000e+00,0.000000000000000000e+00,0.000000000000000000e+00,-3.814847674058804983e-01,9.243751252804681684e-01
-1.456804693239744486e+00,-8.158598900679164823e-01,0.000000000000000000e+00,0.000000000000000000e+00,0.000000000000000000e+00,-4.089309721510383522e-01,9.125653182187052348e-01
-1.453374582634821000e+00,-8.215415055955580526e-01,0.000000000000000000e+00,0.000000000000000000e+00,0.000000000000000000e+00,-4.113760460106311023e-01,9.114657145327295096e-01
-1.453374582634821000e+00,-8.215415055955580526e-01,0.000000000000000000e+00,0.000000000000000000e+00,0.000000000000000000e+00,-4.113760460106311023e-01,9.114657145327295096e-01
-1.430573939899810743e+00,-8.641233966935361055e-01,0.000000000000000000e+00,0.000000000000000000e+00,0.000000000000000000e+00,-4.394012209794747603e-01,8.982909144602024831e-01
-1.426221301015774934e+00,-8.625040608155578603e-01,0.000000000000000000e+00,0.000000000000000000e+00,0.000000000000000000e+00,-4.491844207000969535e-01,8.934390612684887101e-01
-1.426221301015774934e+00,-8.625040608155578603e-01,0.000000000000000000e+00,0.000000000000000000e+00,0.000000000000000000e+00,-4.491844207000969535e-01,8.934390612684887101e-01
-1.411647212166178278e+00,-8.938248985230670129e-01,0.000000000000000000e+00,0.000000000000000000e+00,0.000000000000000000e+00,-4.676720177143575685e-01,8.839020782003974563e-01
-1.398803774159624869e+00,-9.249663125990643664e-01,0.000000000000000000e+00,0.000000000000000000e+00,0.000000000000000000e+00,-4.965128463371981105e-01,8.680293735940817212e-01
-1.398803774159624869e+00,-9.249663125990643664e-01,0.000000000000000000e+00,0.000000000000000000e+00,0.000000000000000000e+00,-4.965128463371981105e-01,8.680293735940817212e-01
-1.387525191214259657e+00,-9.563456849105682611e-01,0.000000000000000000e+00,0.000000000000000000e+00,0.000000000000000000e+00,-5.202779917037824164e-01,8.539969621425352875e-01
-1.387525191214259657e+00,-9.563456849105682611e-01,0.000000000000000000e+00,0.000000000000000000e+00,0.000000000000000000e+00,-5.202779917037824164e-01,8.539969621425352875e-01
-1.378727718394352264e+00,-9.900743175139390395e-01,0.000000000000000000e+00,0.000000000000000000e+00,0.000000000000000000e+00,-5.402169173402084912e-01,8.415258060329715573e-01
-1.378727718394352264e+00,-9.900743175139390395e-01,0.000000000000000000e+00,0.000000000000000000e+00,0.000000000000000000e+00,-5.402169173402084912e-01,8.415258060329715573e-01
-1.360948754216369183e+00,-1.052630259672936663e+00,0.000000000000000000e+00,0.000000000000000000e+00,0.000000000000000000e+00,-5.742627870659943179e-01,8.186710275752993038e-01
-1.360948754216369183e+00,-1.052630259672936663e+00,0.000000000000000000e+00,0.000000000000000000e+00,0.000000000000000000e+00,-5.742627870659943179e-01,8.186710275752993038e-01
-1.355187484508455054e+00,-1.100539028926489138e+00,0.000000000000000000e+00,0.000000000000000000e+00,0.000000000000000000e+00,-6.012978401848534382e-01,7.990249729445447757e-01
-1.354566213019831711e+00,-1.107496795247868482e+00,0.000000000000000000e+00,0.000000000000000000e+00,0.000000000000000000e+00,-6.037138854202789284e-01,7.972010690853031933e-01
-1.354566213019831711e+00,-1.107496795247868482e+00,0.000000000000000000e+00,0.000000000000000000e+00,0.000000000000000000e+00,-6.037138854202789284e-01,7.972010690853031933e-01
-1.348984153811727538e+00,-1.163295181976265136e+00,0.000000000000000000e+00,0.000000000000000000e+00,0.000000000000000000e+00,-6.330100244463734427e-01,7.741435971125781856e-01
-1.348112170040554059e+00,-1.181622822114640758e+00,0.000000000000000000e+00,0.000000000000000000e+00,0.000000000000000000e+00,-6.420837760738770106e-01,7.666344790724660685e-01
-1.348112170040554059e+00,-1.181622822114640758e+00,0.000000000000000000e+00,0.000000000000000000e+00,0.000000000000000000e+00,-6.420837760738770106e-01,7.666344790724660685e-01
-1.345811439069529714e+00,-1.219427234081210010e+00,0.000000000000000000e+00,0.000000000000000000e+00,0.000000000000000000e+00,-6.557043339647334879e-01,7.550177656319521091e-01
-1.347604723182715736e+00,-1.265106015669286599e+00,0.000000000000000000e+00,0.000000000000000000e+00,0.000000000000000000e+00,-6.600911008053980122e-01,7.511855553972784927e-01
-1.347604723182715736e+00,-1.265106015669286599e+00,0.000000000000000000e+00,0.000000000000000000e+00,0.000000000000000000e+00,-6.600911008053980122e-01,7.511855553972784927e-01
-1.342032639081712997e+00,-1.305338975555473624e+00,0.000000000000000000e+00,0.000000000000000000e+00,0.000000000000000000e+00,-6.580365151756862874e-01,7.529860189242818524e-01
-1.342032639081712997e+00,-1.305338975555473624e+00,0.000000000000000000e+00,0.000000000000000000e+00,0.000000000000000000e+00,-6.580365151756862874e-01,7.529860189242818524e-01
-1.333063603140225206e+00,-1.378375536736976104e+00,0.000000000000000000e+00,0.000000000000000000e+00,0.000000000000000000e+00,-6.584664726011737468e-01,7.526100613599101541e-01
-1.331995932007015604e+00,-1.386672857972465644e+00,0.000000000000000000e+00,0.000000000000000000e+00,0.000000000000000000e+00,-6.585638633398844810e-01,7.525248420503113378e-01
-1.331995932007015604e+00,-1.386672857972465644e+00,0.000000000000000000e+00,0.000000000000000000e+00,0.000000000000000000e+00,-6.585638633398844810e-01,7.525248420503113378e-01
-1.322255643130738623e+00,-1.448963546261378577e+00,0.000000000000000000e+00,0.000000000000000000e+00,0.000000000000000000e+00,-6.595552686121783914e-01,7.516560700519335780e-01
-1.324068321019143735e+00,-1.468142106788374868e+00,0.000000000000000000e+00,0.000000000000000000e+00,0.000000000000000000e+00,-6.588054590107265129e-01,7.523133437455871153e-01
-1.324068321019143735e+00,-1.468142106788374868e+00,0.000000000000000000e+00,0.000000000000000000e+00,0.000000000000000000e+00,-6.588054590107265129e-01,7.523133437455871153e-01
-1.318556403940846389e+00,-1.508939020811896015e+00,0.000000000000000000e+00,0.000000000000000000e+00,0.000000000000000000e+00,-6.583105189552479475e-01,7.527464783264496972e-01
-1.313809222621755035e+00,-1.549920525807299221e+00,0.000000000000000000e+00,0.000000000000000000e+00,0.000000000000000000e+00,-6.662386291477981892e-01,7.457386197799217298e-01
-1.313809222621755035e+00,-1.549920525807299221e+00,0.000000000000000000e+00,0.000000000000000000e+00,0.000000000000000000e+00,-6.662386291477981892e-01,7.457386197799217298e-01
-1.309245018826268314e+00,-1.590942526849251859e+00,0.000000000000000000e+00,0.000000000000000000e+00,0.000000000000000000e+00,-6.779680593709591641e-01,7.350913619903145513e-01
-1.305290136809599488e+00,-1.631679981513527444e+00,0.000000000000000000e+00,0.000000000000000000e+00,0.000000000000000000e+00,-6.724251314644666966e-01,7.401651454743020109e-01
-1.305290136809599488e+00,-1.631679981513527444e+00,0.000000000000000000e+00,0.000000000000000000e+00,0.000000000000000000e+00,-6.724251314644666966e-01,7.401651454743020109e-01
-1.303550365574496883e+00,-1.666587759685123515e+00,0.000000000000000000e+00,0.000000000000000000e+00,0.000000000000000000e+00,-6.742492206945071009e-01,7.385038851575864705e-01
-1.303550365574496883e+00,-1.666587759685123515e+00,0.000000000000000000e+00,0.000000000000000000e+00,0.000000000000000000e+00,-6.742492206945071009e-01,7.385038851575864705e-01
-1.303550365574496883e+00,-1.666587759685123515e+00,0.000000000000000000e+00,0.000000000000000000e+00,0.000000000000000000e+00,-6.742492206945071009e-01,7.385038851575864705e-01
-1.294776372825761745e+00,-1.756646832884020348e+00,0.000000000000000000e+00,0.000000000000000000e+00,0.000000000000000000e+00,-6.726063840952699602e-01,7.400004405906027705e-01
-1.294776372825761745e+00,-1.756646832884020348e+00,0.000000000000000000e+00,0.000000000000000000e+00,0.000000000000000000e+00,-6.726063840952699602e-01,7.400004405906027705e-01
-1.288316599926591755e+00,-1.822717090194853728e+00,0.000000000000000000e+00,0.000000000000000000e+00,0.000000000000000000e+00,-6.727759200021865560e-01,7.398463093543221625e-01
-1.286794098926216101e+00,-1.844685496657310075e+00,0.000000000000000000e+00,0.000000000000000000e+00,0.000000000000000000e+00,-6.725104158846577640e-01,7.400876573262418212e-01
-1.286794098926216101e+00,-1.844685496657310075e+00,0.000000000000000000e+00,0.000000000000000000e+00,0.000000000000000000e+00,-6.725104158846577640e-01,7.400876573262418212e-01
-1.285828347227369939e+00,-1.894191940865938895e+00,0.000000000000000000e+00,0.000000000000000000e+00,0.000000000000000000e+00,-6.721809607726993985e-01,7.403868961392353620e-01
-1.285828347227369939e+00,-1.894191940865938895e+00,0.000000000000000000e+00,0.000000000000000000e+00,0.000000000000000000e+00,-6.721809607726993985e-01,7.403868961392353620e-01
-1.281381575819780405e+00,-1.938589868109960035e+00,0.000000000000000000e+00,0.000000000000000000e+00,0.000000000000000000e+00,-6.726666237581364616e-01,7.399456826563889367e-01
-1.277265235910405528e+00,-1.982945311476182360e+00,0.000000000000000000e+00,0.000000000000000000e+00,0.000000000000000000e+00,-6.720179366866958492e-01,7.405348693824997941e-01
-1.277265235910405528e+00,-1.982945311476182360e+00,0.000000000000000000e+00,0.000000000000000000e+00,0.000000000000000000e+00,-6.720179366866958492e-01,7.405348693824997941e-01
-1.272692754015287475e+00,-2.026276645109391872e+00,0.000000000000000000e+00,0.000000000000000000e+00,0.000000000000000000e+00,-6.725493304120572224e-01,7.400522942078441302e-01
-1.272692754015287475e+00,-2.026276645109391872e+00,0.000000000000000000e+00,0.000000000000000000e+00,0.000000000000000000e+00,-6.725493304120572224e-01,7.400522942078441302e-01
-1.254926732242192422e+00,-2.111848098682744368e+00,0.000000000000000000e+00,0.000000000000000000e+00,0.000000000000000000e+00,-6.715215709666558785e-01,7.409850064113810975e-01
-1.253755557938056597e+00,-2.114801742805448637e+00,0.000000000000000000e+00,0.000000000000000000e+00,0.000000000000000000e+00,-6.714217977566403484e-01,7.410754141767497138e-01
-1.253755557938056597e+00,-2.114801742805448637e+00,0.000000000000000000e+00,0.000000000000000000e+00,0.000000000000000000e+00,-6.714217977566403484e-01,7.410754141767497138e-01
-1.246648561131376898e+00,-2.181897181840195543e+00,0.000000000000000000e+00,0.000000000000000000e+00,0.000000000000000000e+00,-6.711206880364884997e-01,7.413481112739347401e-01
-1.244995264023549542e+00,-2.204763303859265555e+00,0.000000000000000000e+00,0.000000000000000000e+00,0.000000000000000000e+00,-6.700900006284888910e-01,7.422798603341679291e-01
-1.244995264023549542e+00,-2.204763303859265555e+00,0.000000000000000000e+00,0.000000000000000000e+00,0.000000000000000000e+00,-6.700900006284888910e-01,7.422798603341679291e-01
-1.240482786325172171e+00,-2.251534412209416747e+00,0.000000000000000000e+00,0.000000000000000000e+00,0.000000000000000000e+00,-6.707320492107807786e-01,7.416997493335877323e-01
-1.236907860281997618e+00,-2.296317433226911398e+00,0.000000000000000000e+00,0.000000000000000000e+00,0.000000000000000000e+00,-6.704214929270305712e-01,7.419804726685814700e-01
-1.236907860281997618e+00,-2.296317433226911398e+00,0.000000000000000000e+00,0.000000000000000000e+00,0.000000000000000000e+00,-6.704214929270305712e-01,7.419804726685814700e-01
-1.235035493788333882e+00,-2.330773429888770565e+00,0.000000000000000000e+00,0.000000000000000000e+00,0.000000000000000000e+00,-6.700469039020554574e-01,7.423187634508976451e-01
-1.232326212518062070e+00,-2.377763346474655926e+00,0.000000000000000000e+00,0.000000000000000000e+00,0.000000000000000000e+00,-6.698120352566304669e-01,7.425306979683536923e-01
-1.232326212518062070e+00,-2.377763346474655926e+00,0.000000000000000000e+00,0.000000000000000000e+00,0.000000000000000000e+00,-6.698120352566304669e-01,7.425306979683536923e-01
-1.229623135025641467e+00,-2.423691914121754110e+00,0.000000000000000000e+00,0.000000000000000000e+00,0.000000000000000000e+00,-6.694650697600085243e-01,7.428435369384503995e-01
-1.229623135025641467e+00,-2.423691914121754110e+00,0.000000000000000000e+00,0.000000000000000000e+00,0.000000000000000000e+00,-6.694650697600085243e-01,7.428435369384503995e-01
-1.225635359589206663e+00,-2.507845502628552214e+00,0.000000000000000000e+00,0.000000000000000000e+00,0.000000000000000000e+00,-6.696047822987218900e-01,7.427176014628179557e-01
-1.225124776130700255e+00,-2.516879084466888461e+00,0.000000000000000000e+00,0.000000000000000000e+00,0.000000000000000000e+00,-6.691913766545632969e-01,7.430901031578676097e-01
-1.233278654946129649e+00,-2.556588324034578807e+00,0.000000000000000000e+00,0.000000000000000000e+00,0.000000000000000000e+00,-6.719722527310296734e-01,7.405763239258902342e-01
-1.228949250283067007e+00,-2.602394385225066831e+00,0.000000000000000000e+00,0.000000000000000000e+00,0.000000000000000000e+00,-6.718003639941765304e-01,7.407322532044166019e-01
-1.228949250283067007e+00,-2.602394385225066831e+00,0.000000000000000000e+00,0.000000000000000000e+00,0.000000000000000000e+00,-6.718003639941765304e-01,7.407322532044166019e-01
-1.224230909768844855e+00,-2.648865419078724415e+00,0.000000000000000000e+00,0.000000000000000000e+00,0.000000000000000000e+00,-6.716980624913947429e-01,7.408250217462328813e-01
-1.224230909768844855e+00,-2.648865419078724415e+00,0.000000000000000000e+00,0.000000000000000000e+00,0.000000000000000000e+00,-6.716980624913947429e-01,7.408250217462328813e-01
-1.220073200881460984e+00,-2.693771370448626357e+00,0.000000000000000000e+00,0.000000000000000000e+00,0.000000000000000000e+00,-6.719338955767275579e-01,7.406111260135668228e-01
-1.214817284305848677e+00,-2.739690186507642622e+00,0.000000000000000000e+00,0.000000000000000000e+00,0.000000000000000000e+00,-6.708359003766396489e-01,7.416058216909190426e-01
-1.214817284305848677e+00,-2.739690186507642622e+00,0.000000000000000000e+00,0.000000000000000000e+00,0.000000000000000000e+00,-6.708359003766396489e-01,7.416058216909190426e-01
-1.214153044057508790e+00,-2.789313831009886613e+00,0.000000000000000000e+00,0.000000000000000000e+00,0.000000000000000000e+00,-6.714962447661810829e-01,7.410079576259064327e-01
-1.210629492894054637e+00,-2.838198335793956417e+00,0.000000000000000000e+00,0.000000000000000000e+00,0.000000000000000000e+00,-6.707988781031022363e-01,7.416393093247009016e-01
-1.210629492894054637e+00,-2.838198335793956417e+00,0.000000000000000000e+00,0.000000000000000000e+00,0.000000000000000000e+00,-6.707988781031022363e-01,7.416393093247009016e-01
-1.210629492894054637e+00,-2.838198335793956417e+00,0.000000000000000000e+00,0.000000000000000000e+00,0.000000000000000000e+00,-6.707988781031022363e-01,7.416393093247009016e-01
-1.208871911004458122e+00,-2.935046523105301564e+00,0.000000000000000000e+00,0.000000000000000000e+00,0.000000000000000000e+00,-6.717285943412110161e-01,7.407973377006565885e-01
-1.209851195014382208e+00,-2.960033783522406203e+00,0.000000000000000000e+00,0.000000000000000000e+00,0.000000000000000000e+00,-6.714563730046301249e-01,7.410440871847416844e-01
-1.209851195014382208e+00,-2.960033783522406203e+00,0.000000000000000000e+00,0.000000000000000000e+00,0.000000000000000000e+00,-6.714563730046301249e-01,7.410440871847416844e-01
-1.214347379396469639e+00,-3.015260809157407795e+00,0.000000000000000000e+00,0.000000000000000000e+00,0.000000000000000000e+00,-6.721349002026604236e-01,7.404287109030549541e-01
-1.215422612320131712e+00,-3.066389276579552625e+00,0.000000000000000000e+00,0.000000000000000000e+00,0.000000000000000000e+00,-6.714460012084721985e-01,7.410534848856406009e-01
-1.215422612320131712e+00,-3.066389276579552625e+00,0.000000000000000000e+00,0.000000000000000000e+00,0.000000000000000000e+00,-6.714460012084721985e-01,7.410534848856406009e-01
-1.215257530701886468e+00,-3.116635792647757253e+00,0.000000000000000000e+00,0.000000000000000000e+00,0.000000000000000000e+00,-6.713198974863743285e-01,7.411677240941377809e-01
-1.215257530701886468e+00,-3.116635792647757253e+00,0.000000000000000000e+00,0.000000000000000000e+00,0.000000000000000000e+00,-6.713198974863743285e-01,7.411677240941377809e-01
-1.212040618064637032e+00,-3.166899531235692233e+00,0.000000000000000000e+00,0.000000000000000000e+00,0.000000000000000000e+00,-6.712266760858428549e-01,7.412521496162766121e-01
-1.199257104049156419e+00,-3.217603209419010124e+00,0.000000000000000000e+00,0.000000000000000000e+00,0.000000000000000000e+00,-6.705672727956135670e-01,7.418487262612595279e-01
-1.199257104049156419e+00,-3.217603209419010124e+00,0.000000000000000000e+00,0.000000000000000000e+00,0.000000000000000000e+00,-6.705672727956135670e-01,7.418487262612595279e-01
-1.194596748658268259e+00,-3.268258903219908973e+00,0.000000000000000000e+00,0.000000000000000000e+00,0.000000000000000000e+00,-6.706627904214290670e-01,7.417623753899507122e-01
-1.194596748658268259e+00,-3.268258903219908973e+00,0.000000000000000000e+00,0.000000000000000000e+00,0.000000000000000000e+00,-6.706627904214290670e-01,7.417623753899507122e-01
-1.184039574045410825e+00,-3.365157435918246343e+00,0.000000000000000000e+00,0.000000000000000000e+00,0.000000000000000000e+00,-6.701182436138093390e-01,7.422543631235476447e-01
-1.183702777779340298e+00,-3.369125874290439970e+00,0.000000000000000000e+00,0.000000000000000000e+00,0.000000000000000000e+00,-6.700984629655362124e-01,7.422722209076841882e-01
-1.183702777779340298e+00,-3.369125874290439970e+00,0.000000000000000000e+00,0.000000000000000000e+00,0.000000000000000000e+00,-6.700984629655362124e-01,7.422722209076841882e-01
-1.175049950738233040e+00,-3.424286066761997205e+00,0.000000000000000000e+00,0.000000000000000000e+00,0.000000000000000000e+00,-6.692258597919225060e-01,7.430590478459717652e-01
-1.172198543890661249e+00,-3.449412976220702642e+00,0.000000000000000000e+00,0.000000000000000000e+00,0.000000000000000000e+00,-6.690780002899194834e-01,7.431921888233503637e-01
-1.172198543890661249e+00,-3.449412976220702642e+00,0.000000000000000000e+00,0.000000000000000000e+00,0.000000000000000000e+00,-6.690780002899194834e-01,7.431921888233503637e-01
-1.166608663641110155e+00,-3.500703070516839599e+00,0.000000000000000000e+00,0.000000000000000000e+00,0.000000000000000000e+00,-6.684387726658218565e-01,7.437671727072994177e-01
-1.161291927085961406e+00,-3.552043872310432171e+00,0.000000000000000000e+00,0.000000000000000000e+00,0.000000000000000000e+00,-6.693152758699690841e-01,7.429785067463978709e-01
-1.161291927085961406e+00,-3.552043872310432171e+00,0.000000000000000000e+00,0.000000000000000000e+00,0.000000000000000000e+00,-6.693152758699690841e-01,7.429785067463978709e-01
-1.155782375394528660e+00,-3.596889248321077481e+00,0.000000000000000000e+00,0.000000000000000000e+00,0.000000000000000000e+00,-6.691582180747056574e-01,7.431199628479137065e-01
-1.144442179760316591e+00,-3.640448209015538783e+00,0.000000000000000000e+00,0.000000000000000000e+00,0.000000000000000000e+00,-6.675304776727970513e-01,7.445824745304763237e-01
-1.144442179760316591e+00,-3.640448209015538783e+00,0.000000000000000000e+00,0.000000000000000000e+00,0.000000000000000000e+00,-6.675304776727970513e-01,7.445824745304763237e-01
-1.141150836202077468e+00,-3.666767039834326614e+00,0.000000000000000000e+00,0.000000000000000000e+00,0.000000000000000000e+00,-6.681682063496126034e-01,7.440102472570800929e-01
-1.141150836202077468e+00,-3.666767039834326614e+00,0.000000000000000000e+00,0.000000000000000000e+00,0.000000000000000000e+00,-6.681682063496126034e-01,7.440102472570800929e-01
-1.138394702137110581e+00,-3.733898161470449395e+00,0.000000000000000000e+00,0.000000000000000000e+00,0.000000000000000000e+00,-6.663025304588192643e-01,7.456815257897800864e-01
-1.138531341886626302e+00,-3.742594913692212533e+00,0.000000000000000000e+00,0.000000000000000000e+00,0.000000000000000000e+00,-6.663899300135470716e-01,7.456034208455188939e-01
-1.138531341886626302e+00,-3.742594913692212533e+00,0.000000000000000000e+00,0.000000000000000000e+00,0.000000000000000000e+00,-6.663899300135470716e-01,7.456034208455188939e-01
-1.141096082987399063e+00,-3.805180623566603249e+00,0.000000000000000000e+00,0.000000000000000000e+00,0.000000000000000000e+00,-6.633078146619599824e-01,7.483466730121641763e-01
-1.142056805537811970e+00,-3.824212557182387062e+00,0.000000000000000000e+00,0.000000000000000000e+00,0.000000000000000000e+00,-6.607644636514520275e-01,7.505933143689790255e-01
-1.142056805537811970e+00,-3.824212557182387062e+00,0.000000000000000000e+00,0.000000000000000000e+00,0.000000000000000000e+00,-6.607644636514520275e-01,7.505933143689790255e-01
-1.142375647444977105e+00,-3.857718504637205559e+00,0.000000000000000000e+00,0.000000000000000000e+00,0.000000000000000000e+00,-6.450158624421605813e-01,7.641691810050937894e-01
-1.140589533549867696e+00,-3.890820561194897831e+00,0.000000000000000000e+00,0.000000000000000000e+00,0.000000000000000000e+00,-6.242458588582358026e-01,7.812279486157311936e-01
-1.140589533549867696e+00,-3.890820561194897831e+00,0.000000000000000000e+00,0.000000000000000000e+00,0.000000000000000000e+00,-6.242458588582358026e-01,7.812279486157311936e-01
-1.138720792961430028e+00,-3.923683761071260712e+00,0.000000000000000000e+00,0.000000000000000000e+00,0.000000000000000000e+00,-6.060699740578844308e-01,7.954113316677574597e-01
-1.138720792961430028e+00,-3.923683761071260712e+00,0.000000000000000000e+00,0.000000000000000000e+00,0.000000000000000000e+00,-6.060699740578844308e-01,7.954113316677574597e-01
-1.134750475692075877e+00,-3.956852011247619316e+00,0.000000000000000000e+00,0.000000000000000000e+00,0.000000000000000000e+00,-5.926902472139700118e-01,8.054304879115534721e-01
-1.129032724429024803e+00,-3.990564617759150501e+00,0.000000000000000000e+00,0.000000000000000000e+00,0.000000000000000000e+00,-5.821569904232775094e-01,8.130764038522529935e-01
-1.129032724429024803e+00,-3.990564617759150501e+00,0.000000000000000000e+00,0.000000000000000000e+00,0.000000000000000000e+00,-5.821569904232775094e-01,8.130764038522529935e-01
-1.129032724429024803e+00,-3.990564617759150501e+00,0.000000000000000000e+00,0.000000000000000000e+00,0.000000000000000000e+00,-5.821569904232775094e-01,8.130764038522529935e-01
-1.128884321207139774e+00,-4.063784201080137493e+00,0.000000000000000000e+00,0.000000000000000000e+00,0.000000000000000000e+00,-5.717816521361016591e-01,8.204058399844006422e-01
-1.131536375921185833e+00,-4.072698741534145128e+00,0.000000000000000000e+00,0.000000000000000000e+00,0.000000000000000000e+00,-5.709173283949037225e-01,8.210075542517411007e-01
-1.131536375921185833e+00,-4.072698741534145128e+00,0.000000000000000000e+00,0.000000000000000000e+00,0.000000000000000000e+00,-5.709173283949037225e-01,8.210075542517411007e-01
-1.135295380578960955e+00,-4.073195662247964144e+00,0.000000000000000000e+00,0.000000000000000000e+00,0.000000000000000000e+00,-5.757726813300851898e-01,8.176098210234293839e-01
-1.145467512703241653e+00,-4.078698798176872309e+00,0.000000000000000000e+00,0.000000000000000000e+00,0.000000000000000000e+00,-5.652661881616395378e-01,8.249085625214529482e-01
-1.145467512703241653e+00,-4.078698798176872309e+00,0.000000000000000000e+00,0.000000000000000000e+00,0.000000000000000000e+00,-5.652661881616395378e-01,8.249085625214529482e-01
-1.159022661564373502e+00,-4.102194305311055444e+00,0.000000000000000000e+00,0.000000000000000000e+00,0.000000000000000000e+00,-5.460102361422699557e-01,8.377785041571922386e-01
-1.163074047015226986e+00,-4.128862482070116968e+00,0.000000000000000000e+00,0.000000000000000000e+00,0.000000000000000000e+00,-5.457837397487972364e-01,8.379260763491115371e-01
-1.163074047015226986e+00,-4.128862482070116968e+00,0.000000000000000000e+00,0.000000000000000000e+00,0.000000000000000000e+00,-5.457837397487972364e-01,8.379260763491115371e-01
-1.149782972996419073e+00,-4.153137161331823535e+00,0.000000000000000000e+00,0.000000000000000000e+00,0.000000000000000000e+00,-5.342724806392915582e-01,8.453123188689124490e-01
-1.149782972996419073e+00,-4.153137161331823535e+00,0.000000000000000000e+00,0.000000000000000000e+00,0.000000000000000000e+00,-5.342724806392915582e-01,8.453123188689124490e-01
-1.149782972996419073e+00,-4.153137161331823535e+00,0.000000000000000000e+00,0.000000000000000000e+00,0.000000000000000000e+00,-5.342724806392915582e-01,8.453123188689124490e-01
-1.135474335109062372e+00,-4.186367670206113445e+00,0.000000000000000000e+00,0.000000000000000000e+00,0.000000000000000000e+00,-5.198750327510632818e-01,8.542423252930522182e-01
-1.139291177502516073e+00,-4.190660026230370150e+00,0.000000000000000000e+00,0.000000000000000000e+00,0.000000000000000000e+00,-5.159625399547033142e-01,8.566111471160594570e-01
-1.153904307863948153e+00,-4.207068874492112087e+00,0.000000000000000000e+00,0.000000000000000000e+00,0.000000000000000000e+00,-5.073861882273673629e-01,8.617187801110653966e-01
-1.153904307863948153e+00,-4.207068874492112087e+00,0.000000000000000000e+00,0.000000000000000000e+00,0.000000000000000000e+00,-5.073861882273673629e-01,8.617187801110653966e-01
-1.167766247509013144e+00,-4.236352862215882809e+00,0.000000000000000000e+00,0.000000000000000000e+00,0.000000000000000000e+00,-5.006194991521050186e-01,8.656674402267278134e-01
-1.167766247509013144e+00,-4.236352862215882809e+00,0.000000000000000000e+00,0.000000000000000000e+00,0.000000000000000000e+00,-5.006194991521050186e-01,8.656674402267278134e-01
-1.167567829908535471e+00,-4.268788823844466229e+00,0.000000000000000000e+00,0.000000000000000000e+00,0.000000000000000000e+00,-4.926859229694023901e-01,8.702072059617687039e-01
-1.150745918220970943e+00,-4.325351873328032504e+00,0.000000000000000000e+00,0.000000000000000000e+00,0.000000000000000000e+00,-4.729306314606018247e-01,8.810996639576458289e-01
-1.150745918220970943e+00,-4.325351873328032504e+00,0.000000000000000000e+00,0.000000000000000000e+00,0.000000000000000000e+00,-4.729306314606018247e-01,8.810996639576458289e-01
-1.128548120208891392e+00,-4.361016561058670860e+00,0.000000000000000000e+00,0.000000000000000000e+00,0.000000000000000000e+00,-4.587405679770323874e-01,8.885702511856390373e-01
-1.110293510865592248e+00,-4.394541502615295414e+00,0.000000000000000000e+00,0.000000000000000000e+00,0.000000000000000000e+00,-4.444646702736920196e-01,8.957963813716252055e-01
-1.110293510865592248e+00,-4.394541502615295414e+00,0.000000000000000000e+00,0.000000000000000000e+00,0.000000000000000000e+00,-4.444646702736920196e-01,8.957963813716252055e-01
-1.110293510865592248e+00,-4.394541502615295414e+00,0.000000000000000000e+00,0.000000000000000000e+00,0.000000000000000000e+00,-4.444646702736920196e-01,8.957963813716252055e-01
-1.085718956696473336e+00,-4.453536875304068943e+00,0.000000000000000000e+00,0.000000000000000000e+00,0.000000000000000000e+00,-4.130501447646220403e-01,9.107082836506565915e-01
-1.082858956665524230e+00,-4.467608962746300705e+00,0.000000000000000000e+00,0.000000000000000000e+00,0.000000000000000000e+00,-4.064343518770281993e-01,9.136799864363343016e-01
-1.082858956665524230e+00,-4.467608962746300705e+00,0.000000000000000000e+00,0.000000000000000000e+00,0.000000000000000000e+00,-4.064343518770281993e-01,9.136799864363343016e-01
-1.081703482803524352e+00,-4.499248882148481066e+00,0.000000000000000000e+00,0.000000000000000000e+00,0.000000000000000000e+00,-3.912059650110450981e-01,9.203031527381491106e-01
-1.082681349581754215e+00,-4.531282212907141727e+00,0.000000000000000000e+00,0.000000000000000000e+00,0.000000000000000000e+00,-3.759995412250163871e-01,9.266198492362319739e-01
-1.082681349581754215e+00,-4.531282212907141727e+00,0.000000000000000000e+00,0.000000000000000000e+00,0.000000000000000000e+00,-3.759995412250163871e-01,9.266198492362319739e-01
-1.077765143486566046e+00,-4.561641701162311158e+00,0.000000000000000000e+00,0.000000000000000000e+00,0.000000000000000000e+00,-3.575153532555805369e-01,9.339072610203528191e-01
-1.077765143486566046e+00,-4.561641701162311158e+00,0.000000000000000000e+00,0.000000000000000000e+00,0.000000000000000000e+00,-3.575153532555805369e-01,9.339072610203528191e-01
-1.071225528389065929e+00,-4.591007464297652163e+00,0.000000000000000000e+00,0.000000000000000000e+00,0.000000000000000000e+00,-3.437717061913797556e-01,9.390532540927951644e-01
-1.064716213273149803e+00,-4.614523778730532655e+00,0.000000000000000000e+00,0.000000000000000000e+00,0.000000000000000000e+00,-3.277625821871414935e-01,9.447601228449565847e-01
-1.064716213273149803e+00,-4.614523778730532655e+00,0.000000000000000000e+00,0.000000000000000000e+00,0.000000000000000000e+00,-3.277625821871414935e-01,9.447601228449565847e-01
-1.059369457662391989e+00,-4.626238313062645879e+00,0.000000000000000000e+00,0.000000000000000000e+00,0.000000000000000000e+00,-3.044380297358936782e-01,9.525321443660192955e-01
-1.059369457662391989e+00,-4.626238313062645879e+00,0.000000000000000000e+00,0.000000000000000000e+00,0.000000000000000000e+00,-3.044380297358936782e-01,9.525321443660192955e-01
-1.051020657620585386e+00,-4.645220631817601031e+00,0.000000000000000000e+00,0.000000000000000000e+00,0.000000000000000000e+00,-2.576126619341144175e-01,9.662482685165442176e-01
-1.050686382686601750e+00,-4.646291795604438057e+00,0.000000000000000000e+00,0.000000000000000000e+00,0.000000000000000000e+00,-2.576126619341144175e-01,9.662482685165442176e-01
-1.048679653493155284e+00,-4.655113243495999420e+00,0.000000000000000000e+00,0.000000000000000000e+00,0.000000000000000000e+00,-2.431440108757388641e-01,9.699902009686791615e-01
-1.050630968975076351e+00,-4.678967582841390360e+00,0.000000000000000000e+00,0.000000000000000000e+00,0.000000000000000000e+00,-2.190027488901666042e-01,9.757242417704659054e-01
-1.050630968975076351e+00,-4.678967582841390360e+00,0.000000000000000000e+00,0.000000000000000000e+00,0.000000000000000000e+00,-2.190027488901666042e-01,9.757242417704659054e-01
-1.050725843256820058e+00,-4.704109764371844804e+00,0.000000000000000000e+00,0.000000000000000000e+00,0.000000000000000000e+00,-1.972134769635129348e-01,9.803605686195063784e-01
-1.039332850321956325e+00,-4.726159921223678673e+00,0.000000000000000000e+00,0.000000000000000000e+00,0.000000000000000000e+00,-1.676445339528258860e-01,9.858475086116208486e-01
-1.039332850321956325e+00,-4.726159921223678673e+00,0.000000000000000000e+00,0.000000000000000000e+00,0.000000000000000000e+00,-1.676445339528258860e-01,9.858475086116208486e-01
-1.024072086674298054e+00,-4.744281396802400685e+00,0.000000000000000000e+00,0.000000000000000000e+00,0.000000000000000000e+00,-1.447059175874079451e-01,9.894747078198543599e-01
-1.024072086674298054e+00,-4.744281396802400685e+00,0.000000000000000000e+00,0.000000000000000000e+00,0.000000000000000000e+00,-1.447059175874079451e-01,9.894747078198543599e-01
-1.023395397272615970e+00,-4.746549987725648734e+00,0.000000000000000000e+00,0.000000000000000000e+00,0.000000000000000000e+00,-1.185077309477439444e-01,9.929531296620285330e-01
-1.029641960796455757e+00,-4.741479192818851551e+00,0.000000000000000000e+00,0.000000000000000000e+00,0.000000000000000000e+00,-9.616050331397582585e-02,9.953658410867849415e-01
-1.029641960796455757e+00,-4.741479192818851551e+00,0.000000000000000000e+00,0.000000000000000000e+00,0.000000000000000000e+00,-9.616050331397582585e-02,9.953658410867849415e-01
-1.029641960796455757e+00,-4.741479192818851551e+00,0.000000000000000000e+00,0.000000000000000000e+00,0.000000000000000000e+00,-9.616050331397582585e-02,9.953658410867849415e-01
-1.026911433709810195e+00,-4.750595639258559544e+00,0.000000000000000000e+00,0.000000000000000000e+00,0.000000000000000000e+00,-4.486665614290170218e-02,9.989929845432121702e-01
-1.027406116848847084e+00,-4.749623354280772425e+00,0.000000000000000000e+00,0.000000000000000000e+00,0.000000000000000000e+00,-3.104185829919993075e-02,9.995180853958233191e-01
-1.027406116848847084e+00,-4.749623354280772425e+00,0.000000000000000000e+00,0.000000000000000000e+00,0.000000000000000000e+00,-3.104185829919993075e-02,9.995180853958233191e-01
-1.022311590451878249e+00,-4.748854836169610572e+00,0.000000000000000000e+00,0.000000000000000000e+00,0.000000000000000000e+00,-1.125897970635204859e-02,9.999366156791998916e-01
-9.986683988311307880e-01,-4.758271607803807868e+00,0.000000000000000000e+00,0.000000000000000000e+00,0.000000000000000000e+00,-1.117096570445650326e-02,9.999376028159107088e-01
-9.986683988311307880e-01,-4.758271607803807868e+00,0.000000000000000000e+00,0.000000000000000000e+00,0.000000000000000000e+00,-1.117096570445650326e-02,9.999376028159107088e-01
-9.629076488976913151e-01,-4.779901114320797006e+00,0.000000000000000000e+00,0.000000000000000000e+00,0.000000000000000000e+00,-1.154219743904970515e-02,9.999333866204678234e-01
-9.491497127402561684e-01,-4.790794345630833284e+00,0.000000000000000000e+00,0.000000000000000000e+00,0.000000000000000000e+00,-1.275182536187914779e-02,9.999186921694883656e-01
-9.491497127402561684e-01,-4.790794345630833284e+00,0.000000000000000000e+00,0.000000000000000000e+00,0.000000000000000000e+00,-1.275182536187914779e-02,9.999186921694883656e-01
-9.605353883499134771e-01,-4.784560937342274833e+00,0.000000000000000000e+00,0.000000000000000000e+00,0.000000000000000000e+00,-1.265367593228870421e-02,9.999199390378215035e-01
-9.624882786747430696e-01,-4.784554046019595219e+00,0.000000000000000000e+00,0.000000000000000000e+00,0.000000000000000000e+00,-1.152388746567921222e-02,9.999335978042134254e-01
-9.624882786747430696e-01,-4.784554046019595219e+00,0.000000000000000000e+00,0.000000000000000000e+00,0.000000000000000000e+00,-1.152388746567921222e-02,9.999335978042134254e-01
-9.579762463884610169e-01,-4.785438431873802578e+00,0.000000000000000000e+00,0.000000000000000000e+00,0.000000000000000000e+00,2.045151448958261887e-03,9.999979086755885760e-01
-9.579762463884610169e-01,-4.785438431873802578e+00,0.000000000000000000e+00,0.000000000000000000e+00,0.000000000000000000e+00,2.045151448958261887e-03,9.999979086755885760e-01
-9.596310946829617050e-01,-4.784996779072948847e+00,0.000000000000000000e+00,0.000000000000000000e+00,0.000000000000000000e+00,1.715631613024087496e-02,9.998528195773812577e-01
-9.613970811650615067e-01,-4.784553893042640560e+00,0.000000000000000000e+00,0.000000000000000000e+00,0.000000000000000000e+00,2.791599764869663949e-02,9.996102725939134404e-01
-9.613970811650615067e-01,-4.784553893042640560e+00,0.000000000000000000e+00,0.000000000000000000e+00,0.000000000000000000e+00,2.791599764869663949e-02,9.996102725939134404e-01
-9.607274257411405616e-01,-4.784704233066891632e+00,0.000000000000000000e+00,0.000000000000000000e+00,0.000000000000000000e+00,2.663398727198254545e-02,9.996452524380815552e-01
-9.604813351320927728e-01,-4.784653900406744320e+00,0.000000000000000000e+00,0.000000000000000000e+00,0.000000000000000000e+00,2.703259512968216385e-02,9.996345526243851642e-01
-9.604813351320927728e-01,-4.784653900406744320e+00,0.000000000000000000e+00,0.000000000000000000e+00,0.000000000000000000e+00,2.703259512968216385e-02,9.996345526243851642e-01
-9.577375232025885365e-01,-4.784125775901865829e+00,0.000000000000000000e+00,0.000000000000000000e+00,0.000000000000000000e+00,2.705391969377269820e-02,9.996339757277175053e-01
-9.577375232025885365e-01,-4.784125775901865829e+00,0.000000000000000000e+00,0.000000000000000000e+00,0.000000000000000000e+00,2.705391969377269820e-02,9.996339757277175053e-01
-9.389479638982596299e-01,-4.783430360324135933e+00,0.000000000000000000e+00,0.000000000000000000e+00,0.000000000000000000e+00,2.741238186888640335e-02,9.996242100510943640e-01
-9.167114833321048373e-01,-4.782218125148482990e+00,0.000000000000000000e+00,0.000000000000000000e+00,0.000000000000000000e+00,2.736762103189530060e-02,9.996254365106235218e-01
-9.167114833321048373e-01,-4.782218125148482990e+00,0.000000000000000000e+00,0.000000000000000000e+00,0.000000000000000000e+00,2.736762103189530060e-02,9.996254365106235218e-01
-9.141453265679776452e-01,-4.781991244482362902e+00,0.000000000000000000e+00,0.000000000000000000e+00,0.000000000000000000e+00,2.758091391410525881e-02,9.996195742319488042e-01
-9.131392997579734772e-01,-4.782349518434561020e+00,0.000000000000000000e+00,0.000000000000000000e+00,0.000000000000000000e+00,2.757309548557465226e-02,9.996197899228203010e-01
-9.131392997579734772e-01,-4.782349518434561020e+00,0.000000000000000000e+00,0.000000000000000000e+00,0.000000000000000000e+00,2.757309548557465226e-02,9.996197899228203010e-01
-9.046268217475289530e-01,-4.781948820418671531e+00,0.000000000000000000e+00,0.000000000000000000e+00,0.000000000000000000e+00,2.761998233673418346e-02,9.996184955150232421e-01
-8.972813544024534904e-01,-4.781405511886481108e+00,0.000000000000000000e+00,0.000000000000000000e+00,0.000000000000000000e+00,2.689006163375508990e-02,9.996383969142705883e-01
-8.972813544024534904e-01,-4.781405511886481108e+00,0.000000000000000000e+00,0.000000000000000000e+00,0.000000000000000000e+00,2.689006163375508990e-02,9.996383969142705883e-01
-8.922773695487057344e-01,-4.780911639362972032e+00,0.000000000000000000e+00,0.000000000000000000e+00,0.000000000000000000e+00,2.757410565464728583e-02,9.996197620582270016e-01
-8.922773695487057344e-01,-4.780911639362972032e+00,0.000000000000000000e+00,0.000000000000000000e+00,0.000000000000000000e+00,2.757410565464728583e-02,9.996197620582270016e-01
-8.867166786776023990e-01,-4.780538757752107237e+00,0.000000000000000000e+00,0.000000000000000000e+00,0.000000000000000000e+00,2.778273149504369502e-02,9.996139854117059853e-01
-8.796106526816606097e-01,-4.780071821206361982e+00,0.000000000000000000e+00,0.000000000000000000e+00,0.000000000000000000e+00,2.759243440305050865e-02,9.996192562989737462e-01
-8.796106526816606097e-01,-4.780071821206361982e+00,0.000000000000000000e+00,0.000000000000000000e+00,0.000000000000000000e+00,2.759243440305050865e-02,9.996192562989737462e-01
-8.732253552223208093e-01,-4.779644004661389722e+00,0.000000000000000000e+00,0.000000000000000000e+00,0.000000000000000000e+00,2.777181184295608729e-02,9.996142888469329302e-01
-8.672693851095257811e-01,-4.779426055630319858e+00,0.000000000000000000e+00,0.000000000000000000e+00,0.000000000000000000e+00,2.805835072362864238e-02,9.996062869723608690e-01
-8.672693851095257811e-01,-4.779426055630319858e+00,0.000000000000000000e+00,0.000000000000000000e+00,0.000000000000000000e+00,2.805835072362864238e-02,9.996062869723608690e-01
-8.607455323237213074e-01,-4.779062350781101642e+00,0.000000000000000000e+00,0.000000000000000000e+00,0.000000000000000000e+00,2.804396623967692070e-02,9.996066906326446233e-01
-8.544626713110051730e-01,-4.778710562218384084e+00,0.000000000000000000e+00,0.000000000000000000e+00,0.000000000000000000e+00,2.816330487743282443e-02,9.996033354578108820e-01
-8.544626713110051730e-01,-4.778710562218384084e+00,0.000000000000000000e+00,0.000000000000000000e+00,0.000000000000000000e+00,2.816330487743282443e-02,9.996033354578108820e-01
-8.482946657782732824e-01,-4.778371140989563948e+00,0.000000000000000000e+00,0.000000000000000000e+00,0.000000000000000000e+00,2.838727695219369837e-02,9.995970000491395391e-01
-8.482946657782732824e-01,-4.778371140989563948e+00,0.000000000000000000e+00,0.000000000000000000e+00,0.000000000000000000e+00,2.838727695219369837e-02,9.995970000491395391e-01
-8.449546769689781911e-01,-4.778675011370435932e+00,0.000000000000000000e+00,0.000000000000000000e+00,0.000000000000000000e+00,2.849868730416884113e-02,9.995938299239042202e-01
-8.454175835257634608e-01,-4.778510567453940538e+00,0.000000000000000000e+00,0.000000000000000000e+00,0.000000000000000000e+00,2.860563515151808012e-02,9.995907750862741414e-01
-8.454175835257634608e-01,-4.778510567453940538e+00,0.000000000000000000e+00,0.000000000000000000e+00,0.000000000000000000e+00,2.860563515151808012e-02,9.995907750862741414e-01
-8.457953931765950228e-01,-4.778502715272037626e+00,0.000000000000000000e+00,0.000000000000000000e+00,0.000000000000000000e+00,2.859736732703532444e-02,9.995910116552482183e-01
-8.457523062790858193e-01,-4.778515048544541344e+00,0.000000000000000000e+00,0.000000000000000000e+00,0.000000000000000000e+00,2.863034998983842588e-02,9.995900675074054220e-01
-8.457523062790858193e-01,-4.778515048544541344e+00,0.000000000000000000e+00,0.000000000000000000e+00,0.000000000000000000e+00,2.863034998983842588e-02,9.995900675074054220e-01
-8.457523062790858193e-01,-4.778515048544541344e+00,0.000000000000000000e+00,0.000000000000000000e+00,0.000000000000000000e+00,2.863034998983842588e-02,9.995900675074054220e-01
-8.457523062790858193e-01,-4.778515048544541344e+00,0.000000000000000000e+00,0.000000000000000000e+00,0.000000000000000000e+00,2.863034998983842588e-02,9.995900675074054220e-01
-8.457523062790858193e-01,-4.778515048544541344e+00,0.000000000000000000e+00,0.000000000000000000e+00,0.000000000000000000e+00,2.863034998983842588e-02,9.995900675074054220e-01
-8.457523062790858193e-01,-4.778515048544541344e+00,0.000000000000000000e+00,0.000000000000000000e+00,0.000000000000000000e+00,2.863034998983842588e-02,9.995900675074054220e-01
-8.457523062790858193e-01,-4.778515048544541344e+00,0.000000000000000000e+00,0.000000000000000000e+00,0.000000000000000000e+00,2.863034998983842588e-02,9.995900675074054220e-01
-8.457523062790858193e-01,-4.778515048544541344e+00,0.000000000000000000e+00,0.000000000000000000e+00,0.000000000000000000e+00,2.863034998983842588e-02,9.995900675074054220e-01
-8.457523062790858193e-01,-4.778515048544541344e+00,0.000000000000000000e+00,0.000000000000000000e+00,0.000000000000000000e+00,2.863034998983842588e-02,9.995900675074054220e-01
-8.457523062790858193e-01,-4.778515048544541344e+00,0.000000000000000000e+00,0.000000000000000000e+00,0.000000000000000000e+00,2.863034998983842588e-02,9.995900675074054220e-01
-8.457523062790858193e-01,-4.778515048544541344e+00,0.000000000000000000e+00,0.000000000000000000e+00,0.000000000000000000e+00,2.863034998983842588e-02,9.995900675074054220e-01
-8.457523062790858193e-01,-4.778515048544541344e+00,0.000000000000000000e+00,0.000000000000000000e+00,0.000000000000000000e+00,2.863034998983842588e-02,9.995900675074054220e-01
-8.457523062790858193e-01,-4.778515048544541344e+00,0.000000000000000000e+00,0.000000000000000000e+00,0.000000000000000000e+00,2.863034998983842588e-02,9.995900675074054220e-01
-8.457523062790858193e-01,-4.778515048544541344e+00,0.000000000000000000e+00,0.000000000000000000e+00,0.000000000000000000e+00,2.863034998983842588e-02,9.995900675074054220e-01
-8.457523062790858193e-01,-4.778515048544541344e+00,0.000000000000000000e+00,0.000000000000000000e+00,0.000000000000000000e+00,2.863034998983842588e-02,9.995900675074054220e-01
-8.457523062790858193e-01,-4.778515048544541344e+00,0.000000000000000000e+00,0.000000000000000000e+00,0.000000000000000000e+00,2.863034998983842588e-02,9.995900675074054220e-01
-8.457523062790858193e-01,-4.778515048544541344e+00,0.000000000000000000e+00,0.000000000000000000e+00,0.000000000000000000e+00,2.863034998983842588e-02,9.995900675074054220e-01
-8.457523062790858193e-01,-4.778515048544541344e+00,0.000000000000000000e+00,0.000000000000000000e+00,0.000000000000000000e+00,2.863034998983842588e-02,9.995900675074054220e-01
-8.457523062790858193e-01,-4.778515048544541344e+00,0.000000000000000000e+00,0.000000000000000000e+00,0.000000000000000000e+00,2.863034998983842588e-02,9.995900675074054220e-01
-8.457523062790858193e-01,-4.778515048544541344e+00,0.000000000000000000e+00,0.000000000000000000e+00,0.000000000000000000e+00,2.863034998983842588e-02,9.995900675074054220e-01
-8.457523062790858193e-01,-4.778515048544541344e+00,0.000000000000000000e+00,0.000000000000000000e+00,0.000000000000000000e+00,2.863034998983842588e-02,9.995900675074054220e-01
-8.457523062790858193e-01,-4.778515048544541344e+00,0.000000000000000000e+00,0.000000000000000000e+00,0.000000000000000000e+00,2.863034998983842588e-02,9.995900675074054220e-01
-8.457523062790858193e-01,-4.778515048544541344e+00,0.000000000000000000e+00,0.000000000000000000e+00,0.000000000000000000e+00,2.863034998983842588e-02,9.995900675074054220e-01
-8.457523062790858193e-01,-4.778515048544541344e+00,0.000000000000000000e+00,0.000000000000000000e+00,0.000000000000000000e+00,2.863034998983842588e-02,9.995900675074054220e-01
-8.457523062790858193e-01,-4.778515048544541344e+00,0.000000000000000000e+00,0.000000000000000000e+00,0.000000000000000000e+00,2.863034998983842588e-02,9.995900675074054220e-01
-8.457523062790858193e-01,-4.778515048544541344e+00,0.000000000000000000e+00,0.000000000000000000e+00,0.000000000000000000e+00,2.863034998983842588e-02,9.995900675074054220e-01
-8.457523062790858193e-01,-4.778515048544541344e+00,0.000000000000000000e+00,0.000000000000000000e+00,0.000000000000000000e+00,2.863034998983842588e-02,9.995900675074054220e-01
-8.457523062790858193e-01,-4.778515048544541344e+00,0.000000000000000000e+00,0.000000000000000000e+00,0.000000000000000000e+00,2.863034998983842588e-02,9.995900675074054220e-01
-8.457523062790858193e-01,-4.778515048544541344e+00,0.000000000000000000e+00,0.000000000000000000e+00,0.000000000000000000e+00,2.863034998983842588e-02,9.995900675074054220e-01
-8.457523062790858193e-01,-4.778515048544541344e+00,0.000000000000000000e+00,0.000000000000000000e+00,0.000000000000000000e+00,2.863034998983842588e-02,9.995900675074054220e-01
-8.457523062790858193e-01,-4.778515048544541344e+00,0.000000000000000000e+00,0.000000000000000000e+00,0.000000000000000000e+00,2.863034998983842588e-02,9.995900675074054220e-01
