0.0,0.0,1.4905450784689163,0.7893333287702666,0.8334444423516592,2.5916574412946543
0.0,0.0,1.4905450784689163,0.7901666616400083,0.8329444411728117,2.5921546828351625
0.0,0.0,1.4905450784689163,0.7899999969535404,0.8338333288828532,2.559171253475695
0.0,0.0,1.4905450784689163,0.790055554608504,0.8327222191625171,2.6901104741662905
0.0,0.0,1.4905450784689163,0.7900555517938402,0.833499996860822,2.569944740988273
0.0,0.0,1.4905450784689163,0.7901111063030031,0.833555553191238,2.622596673873248
0.0,0.0,1.4905450784689163,0.7895555524362459,0.8336666645275221,2.8209392062866887
0.0,0.0,1.4905450784689163,0.79288888739215,0.83666666265991,2.824254113995568
0.0,0.0,1.4905450784689163,0.7932222187519073,0.8354999974370003,2.5718784398136876
-1.4711734053207692e-09,1.7285044506820668e-09,1.4905160485642783,0.7930555534031656,0.8361666652891371,2.692044172497744
-1.4711734053207692e-09,1.7285044506820668e-09,1.4905186040007405,0.7937222204274601,0.8362222196327316,2.691602180675907
-1.4711716289639298e-09,1.7285044506820668e-09,1.4905186040007405,0.7933333332339922,0.8368888840079307,2.7587292548371942
-0.0018200338871832145,-0.0007885066711397215,1.4890576062678889,0.7945555511448118,0.838555554052194,2.8244751039789526
-0.10758560379803761,-0.025239047716841156,1.514625986802986,0.7936666652560234,0.843222220076455,2.7368508075152973
-0.2336791047207587,-0.05256685204167777,1.564934897605669,0.8606111051307784,0.8750555528534784,2.3048618646616434
-0.3587600700097848,-0.06778935007235765,1.6242157680034435,0.9434999992450078,0.8704999951852692,1.990939216060533
-0.48606280415505587,-0.0851704671442004,1.6705052151421218,1.0427222245269352,0.8683333304193285,1.807955810048962
-0.5974509973121584,-0.08385559398053033,1.7027237315390449,1.0800000010265245,0.8383333290616671,1.929502762154321
-0.7235376105956632,-0.09769638381569745,1.7017694957360479,1.1040000042981573,0.8165555480453703,2.208176790680016
-0.840193310807253,-0.09203490623606703,1.6782348446715711,1.1396666639380986,0.8375000011589792,2.222209944250834
-0.9681766249022168,-0.08790261642278363,1.6493416822732436,1.1903888962335056,0.8616111078196101,2.341988955413439
-1.0777502577584368,-0.07002242951646576,1.6086757696462344,1.2700555625889036,0.9057222214010027,2.4913259705127273
-1.1855899326406139,-0.032599363420644956,1.58166877938402,1.3510000026888318,0.9303333335452609,2.5851381332176167
-1.3026193221253592,-0.023690542368314027,1.5711835888594399,1.4494444479544957,0.918444442583455,2.705359115784998
-1.3011419802024395,-0.023835568333947954,1.5694439410104721,1.5211111118396123,0.980166668858793,2.849613254241522
-1.301105110280238,-0.023704575616272372,1.5692828226430622,1.5297777791817984,0.9764444429013465,2.824751381716017
-1.3010946080560384,-0.023694105187562098,1.5692371380566568,1.5326111084885068,0.9788333311676979,2.8316574544537794
-1.3010946080560384,-0.023694105187562098,1.5692371380566568,1.5330555551581913,0.9789444444908036,2.83436463946137
-1.3010946080560384,-0.023694105187562098,1.5692371380566568,1.532222223944134,0.9785555538203982,2.83342540988606
-1.3010946095469116,-0.023694104040820285,1.56919996241057,1.532611111799876,0.978277775976393,2.8333701659302686
-1.3010946095469098,-0.023694104040820285,1.56919996241057,1.532611111799876,0.978499995999866,2.83436463814414
-1.3010946087724289,-0.023694104817779227,1.5692228714005185,1.530944444073571,0.9765555544031991,2.8322099493353408
-1.30109460905509,-0.023694104534227822,1.5691655033464182,1.5306111097335815,0.9760000000397364,2.8310497228611897
-1.30109460905509,-0.023694104534227822,1.5691655033464182,1.530555553568734,0.9772222217586305,2.8307734826651725
-1.3010946111127968,-0.023694102469797862,1.5691328767599773,1.530611111720403,0.9769999966025352,2.83121547185255
-1.3011050765360217,-0.02368360118759938,1.5690899631593744,1.5306666672229767,0.976388888557752,2.8308839732112148
-1.3011050765360217,-0.02368360118759938,1.5690899631593744,1.5287777801354727,0.9757777785261472,2.8306077323565826
-1.3011050765360217,-0.02368360118759938,1.5690899631593744,1.5297222230169507,0.9756111097004678,2.8295580036732373
-1.301105075874796,-0.023683601851085534,1.5690872242440852,1.5294999990198348,0.9750555548402998,2.8297237533232127
-1.301105068475204,-0.023683609207057366,1.5690736924871653,1.5291666686534882,0.9761111112104521,2.82861878529438
-1.2814185573292391,-0.060071028397504556,1.6176460860354276,1.528277775976393,0.9752777753604783,2.829337018629464
-1.2050381610328156,-0.12443939565829787,1.8939875226473522,1.5222222222222221,0.9953888856702381,2.8019337021843507
-1.194915723957644,-0.20316568118873146,2.177016692149719,1.3170555604828729,1.0114444476034907,2.681933704660742
-1.2224095114704028,-0.3147347040111592,2.462104331039164,1.0119999994834263,1.3209444410271114,2.4598895021565053
-1.238997833423543,-0.4490537204734717,2.7208608332793074,1.27611111038261,1.5387222492032582,2.4058563551191465
-1.23615379677301,-0.5801164273382948,2.8747087529936195,1.7610000017616483,1.5876666535933812,2.2072375525427126
-1.23537547372465,-0.7217234704003825,2.9577315108172164,2.12094444764985,1.5287222193347083,1.8748618509229376
-1.2236596619678526,-0.8488467353359987,2.9337189817576395,3.9352221611473297,1.451555578576194,1.9585635161531565
-1.222612874258509,-0.9693533121796958,2.8548045656231023,4.570111043254534,1.5480555497937731,2.395248608694551
-1.2249568860700482,-1.110774883652255,2.7322270358638474,4.627722148762809,1.6582222137186262,2.81088397318487
-1.2266008440229879,-1.253509519555362,2.560054410433843,3.8801666183604135,1.805722220407592,3.608232041090233
-1.2497197459117153,-1.3761370826390151,2.3319946932509805,3.999888839655452,1.99616665509012,4.325856311545188
-1.2935288995042686,-1.514566144997712,2.0410161017613513,3.557277739048004,2.2701111170980663,4.202762410785612
-1.333725350004542,-1.6086461866903088,1.81065215926008,3.604888852437337,2.5706111020512052,4.039005498201149
-1.3249544154084543,-1.6852698825265637,1.673623717536722,2.3257222294807436,2.486333339744144,3.9217126817334425
-1.325688266008683,-1.6806418385275146,1.679751230309264,2.2310555530918967,2.7295555426014793,3.611823180103829
-1.3254096799529531,-1.6815022427694197,1.6793307738733605,2.3722777717643315,2.580499986807505,3.8955800678189947
-1.3254340289765274,-1.6815207176288691,1.6793376481362678,2.372388888067669,2.5804999894566008,3.85729277990141
-1.3254386749680265,-1.6815264936346859,1.6793727573685964,2.224666667646832,2.5803333229488796,3.985801049358937
-1.3254340262012505,-1.6815207280146343,1.6793168210409415,2.372222218248579,2.581888880332311,3.8072927900440785
-1.32543980169023,-1.6815160873362864,1.679214809667522,2.221333337492413,2.5810555458068847,3.768452998682939
-1.3254513576991265,-1.681506798014798,1.6791595769212475,2.3718333310551114,2.5808888845973543,3.768232001125483
-1.3254455841247008,-1.681511442636463,1.6791208525086627,2.2224444448947906,2.580722215440538,3.7690607427892107
-1.3254455873803952,-1.681511445540849,1.6790631271122223,2.3721666607591843,2.582222215996848,3.769005486978352
-1.325451363187403,-1.6815068019510608,1.6791372996918272,2.3742777744929,2.5836111028989155,3.8599447031706076
-1.325439820662055,-1.681516082546727,1.679092964976523,2.3741666621632045,2.582999990383784,3.6483977743275258
-1.3254397870418266,-1.6815161096791682,1.6790797013206915,2.3742222196525997,2.5834999938805896,3.771546918384278
-1.3254397845696104,-1.6815161119057591,1.6790412267542951,2.3746111081706154,2.584111107720269,3.771381182565215
-1.3254351314195851,-1.6815103441031316,1.678974482654948,2.2279444462723204,2.58366665509012,3.7706629479129012
-1.3254397822225332,-1.68151611551521,1.678831752514407,2.2215555595027077,2.581277768479453,3.8907181841233816
-1.325445564316004,-1.6815114680807586,1.6788181198675323,2.224166663487752,2.5798888842264813,3.8581214952205425
-1.3254513364318719,-1.6815068239371955,1.6787644951470304,2.3709999965296853,2.5809999922911326,3.8898342195795386
-1.3254466872366812,-1.6815010568090933,1.6788157240896073,2.2215555555290645,2.57994444237815,3.8572927766083356
-1.3254466891206302,-1.6815010555808354,1.678789530332458,2.3676666610770756,2.577055549621582,3.891823177838194
-1.3235140004738426,-1.6689478370844526,1.653085989986083,2.3681111097335816,2.57694444126553,3.9809944320120207
-1.298862308596707,-1.5539375962525437,1.3927613592662293,2.3686666561497582,2.7333333240615,3.174309384756984
-1.2909239368060312,-1.4464515156839153,1.1049540957814579,2.2975555552376643,4.128611098395454,1.8765193467640746
-1.3082793820542022,-1.297990188859965,0.906989312012402,2.410666658480962,4.273833317889108,1.6673480680634303
-1.328824709966458,-1.138975242711588,0.8048002090506616,2.3142222278647955,4.459111084540685,1.751325966244903
-1.319748950275006,-0.9728109746014564,0.794601601767436,2.2777777751286825,4.026555528905656,1.9551381136172383
-1.3130172256568287,-0.8054911065181163,0.8732223525424756,2.1450555509991114,3.893999993801117,2.1298342594125654
-1.328850790870792,-0.6449055443573162,0.9877776774459983,1.965666667620341,3.504499993721644,2.3125414341194195
-1.3407188555464362,-0.4983843645122745,1.1303376513654961,1.7854444477293225,2.7767222159438663,2.542983429207986
-1.3404265104285393,-0.37383372237596824,1.3155862001903817,1.6710555560059017,2.028722225295173,2.863701647816442
-1.3557679735033243,-0.24204235472678892,1.4558496230265543,1.6071666571829053,1.6836666620439953,2.9844198872371273
-1.3670802449127297,-0.13448890256035373,1.527178759281421,1.5861666530370713,1.293166673845715,2.8410497304484332
-1.3697551439316236,-0.10297938469595103,1.5493231664157001,1.560833336247338,1.0883888913525475,2.8385082911391284
-1.3696944968801539,-0.09914224589899057,1.5494411762277978,1.5281666666269302,1.0396111127403047,2.8404419817318574
-1.369702398431068,-0.09950905114670272,1.5498421393053907,1.5256111135085424,1.0327222239640024,2.857569066859082
-1.3696972632863567,-0.09951440044581261,1.5497984782812009,1.5249444444974263,1.032333334783713,2.8586740362051444
-1.3697026161524644,-0.09951953311617068,1.5498233469937461,1.5243333339691163,1.031777777440018,2.8582872883390986
-1.3697026135601913,-0.09951953063041508,1.549759744860767,1.5246666683091057,1.033444445166323,2.8587292847712398
-1.3697026135601913,-0.09951953063041508,1.549759744860767,1.5258333345254262,1.0334444454974598,2.858563529193731
-1.369702613560193,-0.09951953063041508,1.549759744860767,1.5255555566814212,1.032722221977181,2.857845299810336
-1.3697026135601913,-0.09951953063041508,1.549759744860767,1.5256111121839948,1.033444444835186,2.8583425395396533
-1.3697026135601913,-0.09951953063041508,1.549759744860767,1.5257222245136897,1.0329999993244807,2.8586740315948402
-1.3697026135601913,-0.09951953063041508,1.549759744860767,1.5250555564959845,1.0335000006688966,2.8582320463591517
-1.3697026135601913,-0.09951953063041508,1.549759744860767,1.5252777775128683,1.0332777774996227,2.8581215472511166
-1.3697026120982336,-0.09951952922870788,1.5497267635278127,1.5246666702959273,1.0335000005033281,2.8580110514361556
-1.3697026120982336,-0.09951952922870788,1.5497267635278127,1.5255555556880103,1.0336111103494963,2.8590607702402777
-1.3697026120982336,-0.09951952922870788,1.5497267635278127,1.5255555560191472,1.0325555559661654,2.8582320463591517
-1.3697026120982336,-0.09951952922870788,1.5497267635278127,1.5262777768903308,1.0336666660176383,2.859944745321959
-1.3697026120982336,-0.09951952922870788,1.5497267635278127,1.52694444557031,1.0339444453517597,2.860055249698913
-1.380022842000816,-0.0849777148162012,1.5559274951681552,1.5260000020265578,1.034777777062522,2.859944748615033
-1.4824053073454397,0.020992717908615344,1.561340407973879,1.5142222222354678,1.0237222197983,2.8662983422779904
-1.5454474554360438,0.11908149476033358,1.5673166849283686,1.3755555523766412,0.9657222198115455,3.014972384463358
-1.569908183120008,0.21995481062514033,1.5736338479167362,1.2885555578602685,0.9128888939817746,3.3861878306826174
-1.583697999013296,0.33028286945958474,1.5678514521593458,1.237166664004326,0.8129999980330467,3.5932596546510305
-1.5803232877955704,0.43226987582804544,1.5695976117476522,1.2048888868755765,0.6596666649811798,3.559999984930892
-1.5631996768497558,0.5317576875629317,1.5652839229691122,1.1783888826767603,0.6488888836569257,3.2394474925915837
-1.5636509915705226,0.5972691247522199,1.5639477387692082,1.1471111049254736,0.6692222187088596,2.567569065653817
-1.567122476718529,0.6227709274136988,1.5647388536627824,1.1257777750492095,0.6909999995595879,2.3867955735539863
-1.568393507458607,0.630294184483716,1.565678395845299,1.1135555588536792,0.7134444477657477,2.2804419806649014
-1.5669726452369304,0.6533130229356168,1.5660225580744835,1.109500006503529,0.7224444494479232,2.233701650773623
-1.5353119439957528,0.7652459258003064,1.561822365463463,1.0992777781354057,0.7419444437656137,1.9720441976469525
-1.5298865551555352,0.8653786345220924,1.5663965328633818,1.0712777806652918,0.8290555604630047,1.7791712612572297
-1.5201805515422073,0.9642948870900212,1.565586818514323,1.0234444383117887,1.140166668345531,1.550994465940565
-1.5243659351013772,1.062591896716647,1.5668965651827367,0.9791666689846251,2.4127777732080884,1.5565745744915958
-1.5317764139855683,1.1677864007077159,1.571398581069942,0.9263888809416029,2.1724444462193384,1.7776795609221274
-1.5338393489294937,1.23285424876046,1.5720076939896293,0.8624444507890278,1.8983333352539273,2.047403309062041
-1.533091888712116,1.2629145266054818,1.5707584704932305,0.8271111137337155,1.7562777787446975,2.157403291918296
-1.5334331857960901,1.2700691146233245,1.5707685243075247,0.8099999960925844,1.7882777806785373,2.211823188797545
-1.5217322303591114,1.292514659536974,1.5249883303461136,0.8057777725987965,1.6682777759101657,2.2220994306532718
-1.4608006860352827,1.3945910457179598,1.4184652850217705,0.8027222216129303,2.0479444507095548,1.9014364462860383
-1.4105010227588082,1.4634745435654857,1.3212595132731981,0.7297777760359976,2.2100555438134406,1.7671270689911605
-1.3918044394920326,1.494104523041388,1.21535020023982,0.6314999974436231,2.5512777576843897,1.5093922667740458
-1.3895241733520898,1.5102254816596528,1.1238452647522714,0.5777222207850881,2.7264999833371903,1.6251933625719166
-1.390575719313242,1.5162898176799615,1.0734860855907435,0.5553888872265815,2.419444446762403,1.7550828662695805
-1.3913369807286422,1.517438446047497,1.0532659699349618,0.5526666656136513,2.4333333416117564,1.7580662909792273
-1.3909804300077404,1.517487337473518,1.0436772813771287,0.5523333327637778,2.5506666726536222,1.7424861836499272
-1.3767071508387883,1.5314550877534812,0.9860289537679151,0.5546111082037289,2.4614999989668527,1.8860220889360206
-1.3514474182902223,1.554580603613255,0.8907505240261879,0.546611109872659,2.5771666712231105,1.6839778986425031
-1.3365942555023498,1.569345135950745,0.7824260060274253,0.5478888865974214,2.575166653262244,1.5349723662131398
-1.3268864207108884,1.582448172955114,0.6687650888998328,0.5708333290285534,2.5449999895360733,1.44005525062756
-1.3269130906591595,1.5828033314748051,0.6047555333374884,0.6115000042650435,2.4917222163743444,1.3698894992388415
-1.326142146466406,1.583112004673993,0.5782997843963109,0.6475555542442534,2.3674999945693544,1.3598342508242276
-1.3262982348227403,1.58312924278163,0.5703003727489914,0.6651111096143723,2.3522222242421575,1.3439226496285497
-1.330599868229747,1.5976649183143214,0.511159610687171,0.669777774810791,2.6253888838820987,1.347790055347411
-1.3425718134642608,1.6234650360278264,0.40870567780484357,0.6936666627724966,2.383999996383985,1.4045303806415579
-1.348365960909323,1.6397599546181985,0.30482435462224544,0.758944445848465,2.4567222131623163,1.6030386730781576
-1.3462110803794474,1.6404132611077804,0.19096545702596635,0.8467222253481547,2.3112777557637956,1.757569059235615
-1.3466945532489838,1.6447626734739789,0.09054700255268919,1.0129444393846723,1.8713888939056131,1.890220996506965
-1.3473230748914364,1.643890026836437,0.02132761188442292,1.3648333370685577,1.738555544697576,2.2559115958312597
-1.3475859213607482,1.6448492001853516,-0.008054234334786034,1.7978333287768893,0.9848333361248175,2.2091712693977095
-1.347362754123207,1.645531389250901,-0.01731108260255534,2.013555559184816,0.7557222275270357,2.427624301686471
-1.3278338817016841,1.6490250368532138,-0.019481577148650554,2.2126666605472565,0.651111117998759,2.3233149108471793
-1.2207378223715786,1.674366614551439,-0.009077364278861313,2.2178888854053285,0.640833331644535,2.140165738308627
-1.1200531642640836,1.6884966908889636,-0.002086755769425872,1.9683333416779836,0.9383333269092772,1.0072375650399297
-1.0302944517319368,1.6838725188822066,-0.0026918970483778594,1.8717222217056486,1.199944429927402,0.7874585582735789
-0.9323744965304712,1.6830449616283838,-0.0018299350702991684,1.8519444488816792,1.0790555433266693,0.6906629832903983
-0.8330680610636456,1.68529863654563,0.0036879166106298985,1.8424444450272455,1.212666658643219,0.6395027657240135
-0.7338509980078296,1.6831777362030396,0.004386069267288712,1.831666663620207,1.3739444259140225,0.6112707205404893
-0.6387935841234551,1.682718476672191,0.007031203721209687,1.825722231467565,1.3702777629925145,0.5955248615030426
-0.5412736798144184,1.6837020614294014,0.003705544215204781,1.807888886332512,1.3544444269604152,0.5844198867102355
-0.4492195182664833,1.6765614887217746,0.007372822546708953,1.830944444735845,1.2139444299870068,0.5834254121912118
-0.35019555917952516,1.6777572629821504,0.0013738846247133261,1.8130000038279428,1.3652222148246236,0.5842541453752729
-0.2620875085250436,1.6781130469247545,0.0026999196405445083,1.8460555613040923,1.189833322664102,0.5951381099322883
-0.20245957912463197,1.6787083689411144,0.002526722126296441,1.8379444513056014,1.1114999977250895,0.5976243190343867
-0.17307593515409359,1.6787074630639998,0.004476942242195148,1.837277779976527,1.1072222150034374,0.6012707208566244
-0.16427618755428774,1.6788397088787574,0.005752178315085193,1.8190555453300477,1.2479999929666519,0.6029834245943891
-0.14044812358489622,1.675439698369546,0.0037911467073721873,1.8081666698058447,1.3394999814530213,0.6010497218996121
-0.044238271478251434,1.6528247356421764,0.002580148665670936,1.8289444469743306,1.1928333195547263,0.5979557961884124
0.05894027932876966,1.643913733769768,0.001418183061592384,1.850333336326811,0.9604444574978617,0.5628729355598682
0.15821727620483372,1.6457438192757667,0.007649358500688607,1.8682777616712782,0.9402222197088931,0.5511049700705386
0.25874837937411144,1.6412554332075766,0.0019746915964758884,1.848777781592475,1.144944430473778,0.5502762359808822
0.35116410284939015,1.6440511635304622,0.009165525807618584,1.8856666647725635,0.9952222199903594,0.5490055285106048
0.45326000339476913,1.6407661254851051,0.004651884704045727,1.8733888937367333,1.0194999939865537,0.551325964911208
0.5446521197666812,1.6421665588934635,0.007296864766743656,1.9116111126210955,1.1412222129603227,0.5527071891074681
0.6442343660757732,1.6413418224745007,0.006492274618165222,1.9080555435683992,0.9750555507010884,0.553756904700843
0.7419857508540275,1.644907168948551,0.005842450645271439,1.915222222937478,0.9639999937680033,0.5532044144295856
0.8425445999418013,1.647941855972869,0.0036536055029107966,1.9266666654083464,1.08744443712963,0.5587845340124151
0.939253411766547,1.6466319519087245,0.005460396189490858,1.964222217268414,0.8690555528634124,0.5607182292977749
1.0271807148248762,1.6459202137803786,0.006840358824187902,1.9523888975381851,1.3940555316706498,0.5590055295116994
1.1262643911097268,1.6458078522373691,0.004417074178952969,1.978555550177892,0.9643888748354382,0.562375692125842
1.2286374267899465,1.6502242504274403,0.0029461366688999313,2.1080000006490285,1.0710555411875249,0.5688950227604387
1.3260356062225913,1.6506485037806735,0.004776175212583286,2.1084999978542327,1.0657222076422639,0.5716022127899676
1.4265789388745205,1.6472857440821818,0.004282685856241846,2.099666660030683,0.9358333268927204,0.5687845289213223
1.5255216157666496,1.646087755670007,0.003263662827652139,2.193055545952585,0.7882222168975406,0.57005525524445
1.6306662674464683,1.6476845573701793,0.0029846687655436747,2.091611100236575,0.7783333289126555,0.5622099449456726
1.7289076259166514,1.647651660591996,0.004645780164233532,1.9649444414509667,0.9392777701218923,0.5646408838297122
1.8035233144061564,1.6488195299267385,0.005706726053063161,1.9557777888245054,0.786611107736826,0.5670718211495416
1.902399587824327,1.6499843872396873,0.004277745781580646,1.949055560098754,0.9100555443101459,0.5649723768728214
2.0046500437169144,1.643927684925056,0.0017845985691302207,1.9693888833125432,0.7757222162352668,0.5766298343628151
2.1026281148593693,1.644349196026778,0.0025314156650177175,1.9655000027683047,0.7713333245780732,0.5777900495581864
2.1638547238249775,1.6437042960630102,0.004381461666979643,1.9547222253349092,0.9186111003160476,0.5782320452493858
2.1976111328690777,1.6434918782373495,0.0033780056750078746,1.9344444457027647,0.9097222128676044,0.5801104988017793
2.209650386505519,1.643594213726514,0.0019961011238782502,1.9478333297703,0.9079444341361522,0.5819889484024838
2.2320987876491927,1.643677535714457,0.003031112730481985,1.9531111270189285,0.7783888819317023,0.5836464099133212
2.34828121620793,1.6417014419847282,0.005942709784364354,2.05005554623074,1.0501110969318284,0.5861325985160322
2.448988284434707,1.6381723962624442,0.0033298820634004842,1.9153888824913237,1.069499982893467,0.5747513838565153
2.549957434270212,1.6368979122671954,0.0014495233024417208,2.0508888804250294,0.9295555463267697,0.5761878421293438
2.644197824629586,1.6382562250514985,0.004858915753070273,1.9466666609048844,0.8914999928739336,0.5807734843940366
2.744909738816421,1.6406361656974644,0.005890884516562883,2.038499989443355,1.0314999836186567,0.582044200508634
2.8479794249812116,1.6310276418862282,0.0014784786288746577,2.0255555474095877,0.9343888839085897,0.5883425388546938
2.949306816871653,1.634731943435705,0.0028185558064592973,2.0373333245515823,0.7633888842331038,0.5878453081813306
3.0501431199470446,1.6408640385499575,0.0039002541957455774,2.0263888703452215,0.9255555489824878,0.6001104955350497
3.150746103508764,1.6416396435666414,0.0061935782059515014,1.909055553542243,1.051888876987828,0.6175690659666588
3.2425532284809666,1.640769645832279,-0.00010184521764594181,1.8890000022119946,1.0598333200646772,0.6038121564612204
3.344233759658156,1.6431997285729842,-0.0022735377839084403,2.0222222106324304,0.6600555558171537,0.6186187821363217
3.4427886159062453,1.6432927676942404,-0.001432068079325622,2.0241111083163155,0.653555550177892,0.6272375669268614
3.543706721403149,1.6483170989505087,-0.0013960543062774711,1.996222217215432,0.7805555458698008,0.6334806653511459
3.6522955686253766,1.6427143679894884,-0.004232954949334938,1.864777777923478,0.6821111102071074,0.6418232102749756
3.753308808578991,1.6477841229885888,-0.003312671074113937,1.8605000009139379,0.79411110472348,0.6422651906533795
3.8594113629258064,1.647749497629885,-0.004185363675573172,1.948722211519877,0.8358333304524421,0.6530386724030774
3.9610202937026244,1.6476023152004506,-0.0006397771915665948,1.9464999977085324,0.8305555456214481,0.6590607731052525
4.050027558432106,1.6458823077851568,-0.0029425188032615075,1.802222216791577,0.9841111012630992,0.6567403301185007
4.151758798829965,1.6463757170810611,-0.002466068074960978,1.9243333299954732,0.9773333242370023,0.6564640909104057
4.235734886475742,1.6416997495952153,-0.004895984853518373,2.0293333255582384,0.8529999915096494,0.8129834196844153
4.33687649023914,1.6453244080515255,-0.004061810040343456,1.892166656586859,0.8778888805872864,0.803093914333628
4.4554397129719305,1.6535862283340181,3.970249300816323e-05,1.764722220102946,0.8882777722345458,0.8149171224615192
4.5568372582504075,1.65385026363123,0.0007314105179937476,1.7548333360089197,0.7462777779334121,0.81928176157053
4.650396950954738,1.6523658311870957,-0.00036001897422641306,1.7464999987019434,0.8730555487175783,1.1258010907891047
4.751896157875509,1.6512469060499306,0.0038150521158899445,1.7463333348433177,0.8686666627724965,1.1246961144452596
4.852917314795317,1.6499123378017364,0.002377341923522295,1.728888882862197,0.9063888812230693,0.9727071735246405
4.954499513309635,1.650820209034447,0.003122418200614983,1.7256666719913483,0.8916666585538122,0.8266298288469156
5.056554614777109,1.6482171857279466,0.0007345385238718534,1.713666672507922,1.0186666525900363,0.8331491663969682
5.136539478593763,1.6476249676519314,0.002570186727384004,1.7090555479129155,1.015999993102418,0.8344198890977143
5.182993040121183,1.648712176106093,0.001529835377964457,1.6988333344459534,1.0278888794283072,0.8171823171291562
5.202595984372316,1.6487148532107057,0.002046735376325458,1.6978888892465167,0.9083888824615214,0.8229834220850665
5.20845088302292,1.6485746640029344,0.001743582717528725,1.6959444519546296,0.81616666863362,0.824585629596236
5.232429937359095,1.6474858489409003,0.0022431387324542713,1.694222226076656,0.8168888938923676,0.823701648175387
5.33463350101834,1.6456753902287886,0.0038160122806657672,1.6952222300900353,1.0572777670290736,0.8234254056742178
5.437495648505079,1.6398266492448945,0.003012169269204033,1.6925555557012557,0.9039444348050488,0.6767955778876721
5.529706830551882,1.6376464269537516,0.0017074746691062828,1.7021111130714417,0.8756111057268249,0.8071270678089468
5.6312309114247014,1.638198735098774,0.001766487903336325,1.6863333298100365,1.041444435550107,0.6492265175554633
5.729728303190273,1.6424164764649793,0.0035290491802961064,1.6794444464974934,1.04877776602904,0.6552486222916545
5.8310390672781764,1.6427665095028585,0.002430650029224682,1.6730000058809915,0.8989444407323997,0.6667403309549416
5.921979472927029,1.642620337846525,0.0025370381354545436,1.6642777810494105,0.7818333349294133,0.8134254097773884
6.024050833523059,1.6432439071663678,0.0025450658742791985,1.6475555628538132,0.7988888877133529,0.6574585648531414
6.116053358692728,1.641957538692628,0.004320802473194621,1.6334999938805899,0.8067777802546819,0.6649723732998358
6.218135002543942,1.6393199985691593,0.0028822037522562892,1.6149444454246098,1.0850555433167353,0.672928177190749
6.315200643297892,1.6425782115659304,0.0059565891893240425,1.6103333413600922,0.8093333360221651,0.6595027608930736
6.41694115435522,1.6388656546443388,0.003729655727243935,1.5872777856058544,1.08561109850804,0.6581767986821865
6.522139964158271,1.638738874712046,0.005430875513130099,1.59716667301125,0.8132777709099982,0.6608839747984765
6.623624973256053,1.639359475559572,0.007490979618880782,1.5923888812462488,0.805777781125572,0.6708839781870499
6.723480815856611,1.6331833036614976,0.004537783669343397,1.570222219162517,1.0827222084833517,0.6629834260729796
6.825159142931945,1.6317830955470898,0.003471647924492317,1.5795000076293946,0.9114444385800097,0.6832596667893025
6.924013792587324,1.6375803261734783,0.005058340987524322,1.5753888901737,1.0342777690125837,0.8225966798172472
7.025810124327837,1.6393592732229019,0.005279739836291139,1.5496111164490383,0.9189999949600961,0.6945303866217808
7.1202401853045245,1.636066987242395,0.004796727888556576,1.5309444490406248,0.7871666680607531,0.6887845291617167
7.219123858339557,1.6351960219512875,0.0028445224166603403,1.5331111113230387,0.7641666614347034,0.7019337035345109
7.318546114882086,1.6347890089277302,0.0031266491608416,1.5212777756982379,0.7758888822462824,0.7095580124887972
7.42197164636022,1.6376483143137586,0.002757914478563516,1.5048888978030948,0.7737222265866067,0.7077348047857126
7.520745528173357,1.6399123313544157,0.006039264504701224,1.486222215824657,0.9346110997100671,0.7210497213167381
7.615883632511984,1.641912781306151,0.006704400313126266,1.4590000010199018,0.8183888901438978,0.7273480645200824
7.713515221308839,1.6429701270814538,0.003782713457103716,1.445166669620408,0.8165555494527023,0.7268508298127032
7.7997725368344355,1.641248797002107,0.0038382415182149016,1.4375555551714367,0.813611107154025,0.7449723747224439
7.89818697519582,1.6411058617804937,0.005104236811980536,1.4157777829302682,0.8226666692230437,0.7434806570163748
8.006756910266606,1.6395363285095597,0.005316275800081867,1.395388886001375,0.830499992519617,0.7453038605207897
8.105054969458969,1.6401513404466401,0.005655276343260001,1.373166670401891,0.9864444463617272,0.883922648446336
8.196077541892024,1.6364626123759054,0.006064586130132922,1.3533333314789666,0.8620000084241232,0.8938673939658792
8.294967218734186,1.6376078051522773,0.005376399264483004,1.334277770585484,0.8931111018690798,0.9118784452011572
8.40222863118533,1.641105883060363,0.005913746739660922,1.3201111197471618,0.8961111140747865,0.9267955760764812
8.49961177424779,1.6428631668679126,0.004490950576123879,1.2958333243926365,0.9238333332041899,0.7945303838720638
8.593588109771247,1.6390590845058872,0.0038119413885561054,1.275277782148785,0.9449444429741966,0.9480662940286141
8.692215546927038,1.6391216695706357,0.005894322454325903,1.2463333272271686,0.9871666698820061,0.7996685032357168
8.785245408858117,1.6405190871042645,0.004080388513811101,1.2271111034684712,1.019111116644409,0.941325957686203
8.883752013896032,1.642078670311113,0.00422537198316728,1.2061666737000147,1.0571666662063863,0.7986740364554179
8.99291009385649,1.6439603517128676,0.006069711199109004,1.1816111024883058,1.115888899481959,0.8123204437244004
9.091606100451784,1.6446435082602422,0.004424345563936425,1.1605555574099222,1.1828333261112371,0.8198342569460526
9.19826575416522,1.6433727601399353,0.003295479044098149,1.1444444411330752,1.2934999998244974,0.8150276250272824
9.250086494485455,1.6436294127102826,0.0033401251737883515,1.1261111070712408,1.4488888901968797,0.8256353626429047
9.266393890188098,1.643396922552152,0.00424156814147249,1.1144444442457624,1.5773888842099242,0.9806629746164406
9.288947446998122,1.6434365185816757,0.0055902069342271075,1.110666666759385,1.627777771403392,0.8213259673250314
9.396131993870469,1.6440261203014899,0.004683574330800715,1.1009444428814783,1.7036111021207438,0.8210497235889593
9.502130401807534,1.6470713051191588,0.009494009071403499,1.0846111141973072,2.154500002413988,0.9643646369981502
9.603375721985977,1.645964497424675,0.005524531331002716,1.0532777782943514,3.2212222256594236,0.9565745814399824
9.7010770487122,1.6487772322774807,0.005967152690770534,1.0443888902664185,3.791555549038781,1.0433701589621234
9.802868707692625,1.649128156298472,0.0034517566558932415,1.0200555553038915,3.7255000127686393,1.4508839646426355
9.916032704222523,1.652629769351754,0.003639221171498198,0.9978888862662845,3.79761108689838,1.8544198738935902
10.0176509161467,1.6512309683804451,0.005232433656603894,0.9676111158397462,3.6104999992582534,1.9944751218208292
10.126741176747803,1.6537771124907374,0.005924497570439565,0.9353888879219691,3.565166680018107,1.8174033074418485
10.217339043548467,1.6523425704407328,0.006199986324034861,0.895166665646765,3.5943888664245605,1.8408839775053836
10.284486658065404,1.65417593697435,0.006336122667822252,0.867388888200124,3.514055543475681,1.9566298430137212
10.306953288545913,1.6540392965859523,0.004370174275546103,0.8530555562840567,3.4630555431048076,2.0399447422659858
10.324046689928316,1.642759385640594,0.0034082178928092877,0.8473888880676693,3.427944427728653,2.0768508239345658
10.426719035019808,1.5416259140026884,0.006964262784987534,1.0089999914169312,3.4107777655124663,2.091823208068616
10.524538518012832,1.4440064024093235,0.001583071557147113,0.9145555631981955,3.300388871298896,2.0323204417913656
10.581733804919278,1.341772899666224,0.000448475884959209,0.9688888871007495,3.1910555574629043,2.0066850781440735
10.634393201304537,1.2424232029769282,0.0006726909153815626,1.0854999946223365,3.080833321147495,2.014198900915641
10.632852061840893,1.1681001708885175,-9.022625549589128e-05,1.2106111016538408,3.0101111027929517,2.195082871294812
10.624690277825675,1.1296369644714988,-0.0012461887520880776,1.31183333032661,2.9791111005677116,2.052375675235664
10.617310577322492,1.1155752164836157,-0.0003117381958998788,1.3677777767181396,2.9833333167764877,2.0270718197796227
10.631197780096759,1.0962503932538121,-0.05122248860838687,1.3895555519395404,2.9776666508780587,2.016519338057186
10.749808785896207,0.9831939569121597,-0.15143314027170804,1.47472222910987,3.0231666498714023,1.8912707228028314
10.833587244159418,0.9071629549535407,-0.2531730270189963,1.5721666700310177,3.038055556350284,1.8148066246707137
10.937793490051398,0.8966344371050958,-0.36136447534391114,1.5964444412125482,3.105166669686635,1.7579558001038778
11.050232365503021,0.9049955401905638,-0.4620688732876006,1.590555551317003,3.1769999855094486,1.7187292786592936
11.169995840002521,0.9041474570992767,-0.5659197155842003,1.5832222229904598,3.2319444252385034,1.8778453097159034
11.27311836365677,0.881765201804769,-0.6739621368074107,1.5658333347903357,3.4799999720520445,1.8176243028588057
11.367702312289875,0.8399466402672857,-0.7811136985300061,1.538888888888889,3.376944414774577,1.9085635381508927
11.413322982981601,0.8256927049190166,-0.8783993566804909,1.5132777644528284,3.238666660255856,1.961049718751433
11.424090210347671,0.8290607413404172,-0.985442651797228,1.5224444362852307,3.260666666428248,1.959778998438166
11.427472343415953,0.8283335027731074,-1.0896133841537372,1.6019444366296132,3.3839999867810144,1.923093918278731
11.425646760898559,0.8280252434200457,-1.2031131529197405,1.7086111151509815,3.3268888745043013,1.8969060847772419
11.424039286623,0.8275263042909007,-1.3061620841697323,1.7464444422059588,3.0906110995345646,1.8560220912016558
11.425898678643115,0.8278052301087877,-1.4135798749710053,1.8170555495553546,2.867611104912228,1.930939216640114
11.427471590976086,0.8285378467355722,-1.4984278623983964,2.120555555820465,2.703777777486377,1.7357458580923344
11.427449840323085,0.8283105130382582,-1.5398209122147313,2.291166659858492,2.502777780426873,1.73436464789164
11.427275138722955,0.828360117067314,-1.5570138709546288,2.2275555551052095,2.426777778731452,1.7283425429907953
11.427056069636528,0.8284314430389248,-1.56485654269683,2.5427222119437323,2.3901666680971783,1.7376795611987457
11.426958040345461,0.8280379172043908,-1.5676092219112185,2.4185555530918967,2.365888894928826,1.7287292836120773
11.426942416852555,0.8280116774692274,-1.5677197080044776,2.5584999912314945,2.3746111161179013,1.7379005541458974
11.426931998816908,0.827990687392762,-1.5677295827956226,2.7106110990047454,2.373444449901581,1.7373480665090992
11.426931964258412,0.8280011682243362,-1.5678012771613858,2.723666654030482,2.3731666677527956,1.7366850856917997
11.426926778185866,0.8279854263285102,-1.5676936225749225,2.5799444377422334,2.3702777756585016,1.7363535890263089
11.426926742658424,0.82799590658977,-1.567691123055957,2.5794444342454272,2.36933333741294,1.7369613258878172
11.426689228455295,0.8261400229105238,-1.5702057959517266,2.722777764002482,2.3686666713820563,1.736574589218224
11.406773562412628,0.7220727423046878,-1.6546380389134747,2.4315555486414167,2.3530555605888366,1.734033151226149
11.37625417479341,0.6098571986355417,-1.7986183629050871,2.634944444232517,2.134777773751153,1.7279005551206472
11.350728887769876,0.4900268179333134,-1.9120135510600587,2.8652777824136946,1.8772222254011366,1.7340331400296964
11.343120311613788,0.3690288665893897,-1.9824230855827552,2.8314999944633907,1.861166661315494,1.7449171226986206
11.358161131479335,0.2259654929584558,-1.9849613242670219,2.828611112965478,1.690000006225374,1.7808839780849646
11.370847145760074,0.08952581767818835,-1.9243369376628745,2.755277774731318,1.920888884862264,1.8342541396947196
11.392744136986366,-0.036285724455204615,-1.826537428368753,2.657666665977902,1.889333344830407,1.8886740556737995
11.39927752824812,-0.1574068974064824,-1.720974156853501,2.458777771062321,2.173888882994652,1.9964640753045266
11.404125301030774,-0.26514965661244005,-1.6328996296381237,2.305055554376708,2.180055551065339,2.154972378061621
11.404171276647851,-0.3477011095206377,-1.5974580620504084,2.1612222254276277,2.137444442841742,2.1688950200107215
11.40157788851068,-0.34842669648576363,-1.6084833345141925,2.08677778840065,2.204777777194977,2.147679566678421
11.402041327500779,-0.34602630988936145,-1.6088563543082466,2.0922222306330998,2.1816666679249868,2.1562983515512877
11.402113601802206,-0.3459189065007786,-1.6087682729495358,2.0967777878046037,2.3433888875775866,2.1634806697539863
11.402113603082931,-0.345918907970173,-1.6084802339791826,2.0971111171775396,2.345222216513422,2.164309399562646
11.402119031325693,-0.34591387300332066,-1.608375820297538,2.096222233441141,2.3474444405900106,2.1642541536310103
11.40212407663735,-0.3459192915988343,-1.60833820989655,2.096944449676408,2.3473333309094113,2.163701662042523
11.402124076786315,-0.34591929300267754,-1.608253852007474,2.096055564284325,2.345888884531127,2.1642541516551654
11.402124076421817,-0.34591929260979537,-1.608156189646799,2.0965555638074873,2.343777773446507,2.1641436551815896
11.402129503560552,-0.34591425423392863,-1.6081196407179128,2.09627778728803,2.342444443040424,2.1653591210012277
11.402124063908488,-0.34591930037981644,-1.6080640376942883,2.0959444522857664,2.3416666636864343,2.164088406615494
11.402129488851106,-0.34591426559967786,-1.6079677943629973,2.096333340472645,2.3413333333200876,2.164309398904031
11.402129488851106,-0.34591426559967786,-1.6079677943629973,2.0960000101062986,2.3406666633155613,2.1630939311085484
11.402129488271363,-0.3459142661378465,-1.6079817334835913,2.0953333420885936,2.341444436377949,2.1632044262648944
11.402129488271363,-0.3459142661378465,-1.6079817334835913,2.0955555617809294,2.34261110789246,2.162928186068877
11.402129488271363,-0.3459142661378465,-1.6079817334835913,2.0953333430820043,2.34211110704475,2.163093927156859
11.402129488271363,-0.3459142661378465,-1.6079817334835913,2.095888899432288,2.343722219268481,2.1634806710712158
11.402129488271363,-0.3459142661378465,-1.6079817334835913,2.0957222322622937,2.343222221401003,2.1624309469981746
11.402129488271363,-0.3459142661378465,-1.6079817334835913,2.0959444536103145,2.344388884637091,2.162486194905655
11.402129488271363,-0.3459142661378465,-1.6079817334835913,2.095500006609493,2.3439444412787753,2.16342542513958
11.402129488271363,-0.3459142661378465,-1.6079817334835913,2.0958888977766037,2.343444443742434,2.1630386792493788
11.402129488271363,-0.34591426613784604,-1.6079817334835913,2.0946111198928623,2.342444440060192,2.1630939350602376
11.402129488271363,-0.3459142661378465,-1.6079817334835913,2.09516667690542,2.342722218897608,2.1623204485487544
11.381595741003942,-0.32027280404740033,-1.5377635902410887,2.095111118422614,2.3427777740690443,2.162596690720616
11.310054599887078,-0.25469816874276363,-1.2508757576456107,2.027944446603457,2.265277784069379,2.0704972368577566
11.299676482577397,-0.18072898548887695,-0.954285104095066,1.7947777774598863,2.5578888952732086,1.9943646396721266
11.324807059858404,-0.06765717754095002,-0.6810316486952255,1.5546111070447497,2.712888890504837,1.9314917032889898
11.358479043416807,0.07399898684118034,-0.5318913949070531,1.4148333277967242,2.5192222184605066,2.1139226499842017
11.36043101489183,0.21233867677831775,-0.4941151814804335,1.4435555673307843,2.3986111005147297,2.260331498983815
11.369608786269115,0.34871447445912507,-0.6098307091937569,1.475444452630149,2.430722254183557,2.2659116041594447
11.407184617819468,0.4956141108406076,-0.8544932913037846,1.498833327823215,2.665333320697149,2.0733149084597002
11.449918812768239,0.6133567446674988,-1.125014746888388,1.5748888913128112,2.997111137045754,1.8719337012886343
11.462199699666893,0.694806059893045,-1.3467715507160851,1.6342222187254163,3.1116666555404664,1.8886740266947457
11.450798933708278,0.7623710041728762,-1.4975133145597168,1.8992222242885166,2.706888891590966,1.7971270762754408
11.451395719543964,0.756454785085328,-1.4901153446066575,2.3323888818422955,2.480055550071928,1.8476795465248066
11.451003380767126,0.7568858911360321,-1.4903215166875965,2.1645555588934156,2.492944445212682,1.6952486130414088
11.450993767566587,0.7568746040393073,-1.4902096155371827,2.311555549171236,2.4939444442590077,1.6958563466098426
11.450993769204953,0.756874605965554,-1.4901826222058019,2.1672222243414985,2.4941666616333857,1.6966298304868666
11.450993770504304,0.7568746048604567,-1.49021601900133,2.167555554707845,2.4955000003178913,1.6962983344799907
11.450999416109529,0.7568698029464205,-1.49021601900133,2.311222216818068,2.494500001271566,1.6960773448259132
11.450993771101224,0.7568746041790577,-1.4902436357941156,2.166833335161209,2.493777773777644,1.6953038609488893
11.450999426570704,0.7568697946756036,-1.4901338031191145,2.1666666660043927,2.4948888878027597,1.6948618743959711
11.450993784373168,0.7568745928717906,-1.490038232665565,2.1663888891537986,2.4938888867696125,1.6948618711028969
11.450999432511313,0.7568697840550955,-1.4899639411441523,2.3102222184340158,2.4936666667461393,1.69629833711445
11.45099378461796,0.7568745851432466,-1.4899574464730216,2.3106666611300573,2.494722221957313,1.6949723682350875
11.450988982259936,0.7568689360569305,-1.4899574464730216,2.3094444400734373,2.4942777746253544,1.6948066238540311
11.450993791050909,0.756874592710739,-1.4899943148420394,2.310055551926295,2.493388893869188,1.6949171236206813
11.450993785707123,0.7568745868428799,-1.4899819827741458,2.3101111067665947,2.4929444438881343,1.6944751311402295
11.450993790730614,0.7568745927529044,-1.4898841674061243,2.3097777744134267,2.493611110581292,1.6945303816821693
11.450988990055034,0.756868944807028,-1.4898841674061243,2.3097222189108533,2.493388886584176,1.6950828680017376
11.45099376756977,0.7568745660573493,-1.4898129277030467,2.167611112859514,2.49477777812216,1.6959115978103976
11.450993778233634,0.756874579222222,-1.4897541736817586,2.454999991920259,2.4949999974833594,1.696132590757549
11.450993781366648,0.7568745820972662,-1.4897231286670303,2.3110555522971685,2.494888887140486,1.6969613192489792
11.45099378330017,0.7568745843727642,-1.489702300033522,2.4547777665985957,2.4948333303133645,1.6960220982356624
11.450993783380568,0.7568745844673845,-1.4896458543993936,2.3082777738571165,2.493555555740992,1.6945303823407842
11.450993774800157,0.7568745743677416,-1.489520718774024,2.1652222255865734,2.4926666683620877,1.6935359061752235
11.450993774800157,0.7568745743677416,-1.489520718774024,2.3087777707311843,2.493444444073571,1.6937569043912941
11.450998573265387,0.7568802245724742,-1.4894235444888468,2.1653888901074727,2.4924999965561763,1.6945303816821693
11.450993779702127,0.7568745797848173,-1.489382103354388,2.164666669898563,2.4935555537541707,1.6935911567171633
11.450993782509606,0.7568745828211232,-1.4893172828198942,2.1671666655275557,2.49527778228124,1.6949723735040063
11.450993782509606,0.7568745828211227,-1.4893172828198942,2.3109999967945947,2.4948333342870077,1.6959115964931677
11.450993776671343,0.7568745809613517,-1.4892981471948243,2.309944443570243,2.494277778598997,1.6964640841299659
11.432963717938886,0.7722031935606117,-1.4300967065845014,2.3107777721352045,2.4940555539396074,1.6959115978103976
11.315174118052344,0.8542880449531918,-1.3333401453553062,2.094999998807907,2.599888891643948,1.6851933641328338
11.194384522189928,0.917872126928899,-1.2309576841877874,2.2469999982251063,2.8092222140894996,1.570221003247888
11.0587572525478,0.9796085201947333,-1.1168675806347739,2.1804444471995037,3.042333326737086,1.474696131042354
10.925197672725467,1.018223970865944,-1.0133000178537312,2.2060555544164444,3.0608888891008164,1.3632044186249623
10.790196141486383,1.0458937236370947,-0.9159870346302297,2.1992777738306257,2.9996666855282252,1.3585082835914022
10.68731751647487,1.0798889037319541,-0.818822916279528,2.1831666694747076,3.0651666793558334,1.0303867400021842
10.635128921964395,1.0950498905152983,-0.7173654618488949,2.1494444403383466,3.1372777859369916,0.9110497186855716
10.620350753164324,1.1024494620384555,-0.6391885608370771,2.0374444484710694,3.3859444393051996,0.8437016570107054
10.62034574193224,1.101865291496234,-0.641214662730599,1.952444444762336,3.456166668732961,0.8424309370267457
10.619632704627577,1.1022855848161797,-0.6396663423915179,1.9543888880146874,3.2926666657129924,0.8411049714404575
10.638233868086434,1.0792966713244376,-0.6316258070938329,1.9531111114554935,3.426333322789934,0.8430386712537945
10.645280451461197,1.0708845370665792,-0.6295232320005787,1.9388888862397935,3.447888885604011,0.860607736677096
10.649610630159323,1.0383356110111848,-0.6238908758363764,2.088277765777376,3.2802222198910185,0.8683977930585324
10.61152627203743,0.9891290722329096,-0.623642116899242,1.9504999948872461,3.386888881524404,0.8591712756051543
10.62959647597734,1.019789445698553,-0.6161854562632166,2.0001666691568163,3.3142777807182737,0.8251381213493769
10.712582409045641,1.1384414839472177,-0.6123934943033085,1.9705555511845483,3.499833333492279,0.8423204448341665
10.716352963130525,1.1460882975254432,-0.6206356253479562,1.9793888800674015,3.4260555320315893,1.077127074997728
10.719038456236106,1.1927617164931146,-0.619380650098427,1.8329999956819747,3.413444439570109,1.2293370155339742
10.729084449199036,1.2075847281018257,-0.6144403286057868,1.8022777765989304,3.294333317544725,1.12922652090452
10.764590907904896,1.2617332931129317,-0.6065503782123579,1.927166657977634,3.3071666717529298,1.168453037080185
10.785516135051282,1.2222553742929598,-0.6024169766021824,1.7107222225930956,3.342666652467516,1.31386740069363
10.729664466038432,1.25926537009925,-0.5978705257441854,1.719555558098687,3.467611101600859,1.3197790064864396
10.702553864033423,1.276949544525869,-0.5972266250128774,1.7225000043710073,3.352777769830492,1.2669060750560865
10.672465120844578,1.2958120446254142,-0.5947482896135159,1.7308888885709974,3.4833888789017995,1.2583425433596194
10.642962381672124,1.3146864735677797,-0.5908710451643197,1.88411109579934,3.493833331267039,1.2397237564977361
10.543182715873044,1.3812296359085092,-0.5868693918483273,1.7434999932845434,3.508833338154687,1.2150828802124571
10.553565909152503,1.3800569398910545,-0.583625276346799,1.7657777892218696,3.3773333271344503,1.2114917082681183
10.593541035910125,1.4380446303224317,-0.578590401268589,1.7565000106890996,3.235055548614926,1.2187845229443923
10.579135485338014,1.4392784803615983,-0.5761812252223542,1.6825555543104806,3.4221666567855413,1.5489502723704385
10.573538250169157,1.441050327711059,-0.5729322719135621,1.6919444517956839,3.5628888653384316,1.502430939871962
10.595682576439547,1.366016865321659,-0.47582428539442706,1.688444447517395,3.4201666527324255,1.5124861976718376
10.618043615034793,1.2461192571607258,-0.3771839390088181,1.6263888779613707,3.4326666633288068,1.32762431670289
10.626727234696212,1.16230066344274,-0.2688640950756035,1.624888884358936,3.502333319849438,1.1582320444491687
10.625711503487608,1.1253113159698045,-0.16329486082336606,1.6196111076407962,3.2907222224606407,1.3356906070235026
10.619842400583877,1.113055484897672,-0.07592737039287911,1.6010555522309409,3.208666656414668,1.514254147505892
10.61932581596377,1.1111589328787264,-0.03418606665746203,1.7033888902929095,2.972833326790068,1.8117679578164665
10.619583472872407,1.1109548830608493,-0.014077523514998289,1.4941111154026456,3.0716666519641875,1.7558011162346898
10.617141636578538,1.1110983535399792,-0.004243262556370069,1.4741666697793536,2.911666663487752,1.8226519352164716
10.61570108274098,1.1114434312591785,-0.002005533910249062,1.4643333348962995,3.0298888795905645,1.835193372563104
10.588521824235173,1.1388811951289317,0.0024284020680436637,1.4566111114290026,3.1752222100893657,1.8334806624038444
10.56487348561452,1.1666406272540661,0.006308137060750052,1.4372777760028839,3.052555544508828,1.8210497281169364
10.55819813565958,1.16389731096394,0.00626317812372542,1.4014999992317623,3.0890555580457053,1.7885082861336554
10.557216748160407,1.1926622892308445,0.004498312204360879,1.4095555550522274,3.0831111133098603,1.796298344161629
10.556704602268347,1.21933440248579,0.004273546702269989,1.681277769141727,3.086000003417333,1.9306629731510225
10.55451893190859,1.361792526353025,0.0026741985375620583,1.341277770532502,3.116277788082759,1.7732044162012595
10.565877578138693,1.5120279770193341,-0.004236861010666399,1.1552222248580721,3.3380555331707003,1.9259668466794557
10.561724403823604,1.5001808153038407,-0.005057866317188384,0.9595555583635966,3.2732777655124665,2.122707174298513
10.55289278217331,1.5368422062785356,-0.004195245016223565,0.9857777784268061,3.2888333201408386,1.9920994399002243
10.551863170787012,1.5903062819687968,-0.0042130845151319395,0.9567222244209713,3.3082222044467926,2.2039226464803705
10.559928758011377,1.6019320670222772,-0.01050015306276495,0.900388890835974,3.1572222146723004,2.130994481935027
10.559457484320912,1.6078822336456264,-0.010934598288040975,0.8823333369361029,3.306999986039268,2.265027614588237
10.51125076995146,1.6149500090140743,-0.005210373179814094,1.0342222170697317,3.170999986595578,2.3122099450279996
10.413421449133985,1.6311890792251473,-0.004484942543770802,0.892111110024982,3.2076666646533543,2.0851933541218877
10.35838668607244,1.641090238350273,-0.013976780931977304,0.9112222264210383,3.319333329465654,1.9738121447642205
10.328080801620182,1.6468341492140324,-0.009164473149036475,1.074611105190383,3.510222203201718,1.9109392179309992
10.315196256882533,1.6481233655309167,-0.005310283923015796,0.9180555525753233,3.5369444330533346,1.8587292788437058
10.286621532663222,1.6484947711890818,-0.0027105048238235223,0.9095555537276798,3.4024444341659548,1.8145856320528695
10.182535423412748,1.647945139720978,-0.0021195055233954986,0.9141111102369096,3.5690555413564047,1.8755248511693754
10.077179517841707,1.65725111378599,-0.004510317244649497,0.9480555514494579,3.6687222056918674,1.8727071675477107
9.978900547360936,1.6526522391988356,-0.006141786264460413,0.9888888839218352,3.5367221964730158,1.8959115814438183
9.885730299540143,1.6391923862172302,6.557143045447068e-05,1.0263888852463827,3.574666666984558,1.7031491436681694
9.786843986393315,1.6421661606014473,-0.0008583793195683111,1.0545555584960513,3.8587222311231826,1.2959668427211803
9.685387508976234,1.6340078981493553,0.002565004546845429,1.076722221573194,3.2792222261428834,0.9569613249427047
9.58624794153285,1.6392343855351212,-0.00035620152376986824,1.100944439901246,2.3926666783789794,0.9543093893244781
9.472149163527249,1.621344487634059,0.006982891109724781,1.1233333312802845,1.828833327607976,0.9887845284866364
9.37471463055168,1.6320468286407177,0.003623697920576014,1.1331666638453801,1.5003333358301056,0.8317679572665231
9.316637545696903,1.6403230059759064,0.0008573453478264482,1.1429444478617774,1.3638333389328585,1.0450828664869234
9.289909349779983,1.6450999651275646,-0.0022108160652477182,1.138888888557752,1.308055550025569,0.9222099492892376
9.277192437922658,1.6465313799908285,-0.001803046051156874,1.1398888919088574,1.2888333265980085,0.9570718251209891
9.272496598390102,1.6467708714560043,-0.0016970397701462701,1.1395000040531158,1.2781666588452127,0.9583977879081642
9.243984853161635,1.647029264416016,-0.0016959788324433602,1.1394444468948577,1.2808888784713215,0.9593370090861347
9.140834549322843,1.6469099887398277,-0.0024192089891216144,1.144277780254682,1.2408888866504033,0.9547513820519105
9.037382740897023,1.646510361729539,-0.005678768423788047,1.166333325041665,1.1556111244691742,1.06994474839769
8.939225293440096,1.6373613631070105,-0.0036857742105384974,1.1955000066094927,1.085111105773184,0.9744751349667817
8.844520457168883,1.6403811411058538,-0.004500201302324405,1.2229999919732413,1.1753888820608458,1.0683425324068543
8.74574787398004,1.6376230596214034,-0.006420177118414239,1.2461666703224181,1.0000555589795113,0.9360773515635432
8.649648384228897,1.644980984086546,-0.008995956329634954,1.2762222187386618,0.9493333282570044,0.9212707186436785
8.550937912819887,1.6343527249635033,-0.006555426227607386,1.3068888783454895,0.9308333270251751,1.0606629739808773
8.449632305185226,1.6313745252010472,-0.00446439374758334,1.3310555636882782,0.9011111083130042,0.991491709460211
8.357590790550603,1.6360725966908882,-0.009413743271182298,1.3546666572491328,1.0141666573782762,0.9756353575715703
8.255598504205977,1.630118039881789,-0.004586572965645115,1.373388898703787,0.8609444502327177,0.9559115966709938
8.14446558620314,1.6346723911694356,-0.007164417210130276,1.3885000010331472,0.8442777773572339,0.761381216964669
8.04339011202525,1.6312157573238215,-0.005464859187181946,1.4094444357686573,0.8162777759134769,0.7527624348085888
7.935101346160469,1.6302873513578486,-0.0022590098608829966,1.4229444523652395,0.8176111136045721,0.8584530289331194
7.833691219966688,1.6357723227430236,-0.0029758971918764,1.432833332154486,0.9538333251244492,0.722872927620266
7.731584972893135,1.6413246015498393,-0.005332633638480893,1.4487777868906657,0.9521111089322302,0.7451381186918659
7.629932958119554,1.6414746709631194,-0.00643500084061374,1.4615555557939741,0.8257222192982833,0.7350276205585806
7.529815698026475,1.6376018235773335,-0.004776712925338172,1.4773888829681607,0.810555551532242,0.7331491721927791
7.428118629802228,1.6368170440566816,-0.005344593751216251,1.4947777864005831,0.9488333304723103,0.7054143633631712
7.324412771076034,1.640121016815331,-0.0038809118024973697,1.5127777738703623,0.9266666614347034,0.7086187800320473
7.223016313303134,1.6402755856642495,-0.006084502297964328,1.517388888531261,0.801666667064031,0.6932044195536092
7.12385195529928,1.6373026254929703,-0.006046350342034179,1.5491666727595859,0.9142777753372987,0.6939778938807176
7.022446529636326,1.6377311916640052,-0.0033646250938529415,1.5630000117752287,1.0523888756831488,0.6981767965120506
6.927269523617781,1.6311669577571637,0.00023838140371222716,1.5652222202883825,0.9295555522872342,0.674364641638092
6.825752793451041,1.6377916911309045,-0.00024526344892917065,1.5756666676865683,0.7932222167650859,0.8149723683931551
6.73396331380021,1.640843200651454,0.001313938478669355,1.5824444452921549,0.8063888887564341,0.6890607718275397
6.6366313884746475,1.6444991083144584,0.002624316841943924,1.5884444425503412,0.8192777757843336,0.6971823217460463
6.538115618322202,1.647510484749561,0.0032608533491624322,1.5964444465107388,1.0841111010975308,0.7176243049499079
6.436142564650538,1.6461718005304125,0.005628058854882416,1.5999999943706724,0.9672222174704075,0.7234806591305285
6.336455437848429,1.650495661140785,0.003622691197008541,1.6082777821355396,0.9742222150994672,0.8775138079461472
6.233507447811451,1.6519385355289904,0.004515379848882633,1.6132777767048943,0.8211111075348324,0.7407182376852351
6.135353656513773,1.651577432711158,0.004178411112225738,1.620833330684238,0.8308888913856612,0.7356906036810321
6.029157867838853,1.6607419223952524,-0.0019333039587951884,1.6314444465769662,0.9672777680059274,0.8814364549040136
5.930208679529205,1.6557173857521308,-0.002917989489726881,1.6467777732345792,0.9424999977151552,0.7443093927525684
5.833150971624894,1.6525594205036525,-0.00129627768698943,1.660944453544087,1.0534999850723479,0.7237568982562966
5.734498962045958,1.653076710038678,-0.0031529019677582317,1.6761666635672252,1.0562777640091048,0.8423756854968835
5.646689100986716,1.6498911766131394,-0.0014563439029809894,1.689555557237731,0.7646111078560353,0.706464085872002
5.547788444593531,1.6497858434947794,-0.0022740354838202926,1.6962222238381703,0.9128888798256715,0.6866850822505371
5.450203881710982,1.6435084641401057,0.00036924016278685356,1.7071111073096594,0.89433332723048,0.8349171244637084
5.352252563283837,1.6433279820174915,0.000599798029911942,1.721055570575926,0.8718888831635316,0.8351933614489782
5.282188443909675,1.6406250268366263,0.0009511652399057149,1.7266111112303204,0.7555555519130495,0.6902209945969818
5.240842128829215,1.6418862309413376,0.000951569960439627,1.7385000026888318,0.8781111017697387,0.8411049651836163
5.2215863998371645,1.6449143787285756,0.0005042122615166631,1.740722217824724,0.8803888865643077,0.8416574485394177
5.214373594534742,1.6458948097637354,0.001065456425429275,1.7408333404196634,0.7577222219771809,0.8469613207637935
5.185739263849959,1.6465666767316813,0.0009342866458245915,1.7286666717794206,0.7629444489876429,0.8472375658994221
5.082339671054363,1.647058865971581,0.00023221589982286642,1.7259444521533118,0.8948333321346177,0.8586740296189956
4.980822251491251,1.6449583362186404,0.002324119023196985,1.7353333334128063,0.8943333289689488,0.8533701562420439
4.882752184568309,1.6479567352694504,0.0006629018241071852,1.7385000046756534,1.0214444367421998,1.0010497110653978
4.78779168439231,1.6458533262112338,-0.002926866161169299,1.74544444779555,0.7540000043809414,1.0111049600562996
4.689678266119861,1.6463179703329436,-0.0028184064998078785,1.7652222156524657,0.8759999924235874,1.0101657294107405
4.604367943138575,1.642817420398349,-0.0034780146937226798,1.8851111120647854,0.7491111099720001,1.0055801018825552
4.5060506074962206,1.6424818253917124,-0.0052223607592359654,1.766611111164093,1.018055543055137,0.8421546918087901
4.411106616213321,1.6379312736271503,-0.006267469147410533,1.9077777773141862,0.843444437864754,0.8444198806312203
4.312460353168154,1.63806735668242,-0.004841127198522102,1.798111116555002,0.9874444322453605,0.6856353552137291
4.2187054534922375,1.636048956737608,-0.004989501340605126,2.02833331823349,0.8696666607426272,0.6796685076879533
4.120602961044273,1.6357640907327582,-0.005706544691809952,1.7919444547759162,0.9993333253595564,0.6727071826793871
4.02581747581614,1.636505048095029,-0.0070122951659514895,1.799333338273896,1.1208888741830985,0.66646409322873
3.927475533163175,1.6369869232779397,-0.0020376082794666506,1.8206111073493958,0.8528333237601651,0.6721546964421456
3.82895273987274,1.6404117013683068,-0.003962732311627579,1.794777782758077,1.135666650119755,0.6580662964457307
3.7309089366686763,1.6412295203647522,-0.002907738041040247,1.8020555476347606,0.9843333279093106,0.6601104989894846
3.6458841675788456,1.6450665974697767,-0.005420550406964722,1.805333333545261,0.8784444385932552,0.6598342522073187
3.5470924303392906,1.6458475457604935,-0.007429051533519455,1.8182777732610702,0.8717777840793133,0.8238121506588235
3.4426763849423914,1.6413393918992645,0.0012365803611830376,1.831666663620207,0.8697777705060111,0.6698342524674716
3.3443084307535127,1.6426367222378726,-0.0012383887693002916,1.8089444541268878,1.0398888750208748,0.6461878462555659
3.2311150500433783,1.642626149902088,-0.0015040007437207457,1.8217222193876903,0.9323888844913907,0.6545303886272631
3.133279383216429,1.6427419535783736,-0.0014665493538011248,1.8318888949023353,1.0384444278147487,0.6511602191799912
3.036572055343303,1.6465692960578853,-0.0005163098901659005,1.8318333364195294,1.1515555394192536,0.6479558045692866
2.9382952181975313,1.646839161520007,-0.000244647141903575,1.8435000058677462,1.2937222037878302,0.6405524866686342
2.8440413903661224,1.6502880475149704,-0.005060232823465749,1.847611117694113,1.2906666472554207,0.6382320439288629
2.7459022885950297,1.6510585571590193,-0.006042479417126653,1.8669999970330133,1.1207222077581618,0.648176801632781
2.646833558562328,1.6465789054104594,-0.0047018242693234345,1.8793333391348521,1.2633333077861204,0.6443646361650024
2.5485617106464638,1.6457999750386545,-0.005315632584537673,1.8751111063692305,1.2697777580055924,0.6421546958263408
2.43416993972105,1.6511992514729297,-0.0046542360673872945,1.8845555633306503,1.1177222039964465,0.6336464044632832
2.3346948013041473,1.652050575738393,-0.004474248983410862,1.8973888946904076,0.9783888804415862,0.6383425404847656
2.2671837738065737,1.651906037271556,-0.005035924105751057,1.8974999970859951,1.1113888723154863,0.6319889554661282
2.2187411412053137,1.648922745591495,-0.0037237559150807187,1.9087777889437145,0.856666657825311,0.6294475143456327
2.186932996006032,1.651346058816574,-0.003273729880100029,1.9057777735922072,0.7588888853788376,0.6282872899296534
2.0820109781205556,1.6626279227024954,-0.005330203668713119,1.901333334710863,0.7697777730723222,0.6314364610785279
1.9781629883036569,1.6673624905587339,-0.005167521397596393,1.8974999917878046,0.89294443792767,0.6590607824081874
1.8799572300134741,1.6681830579909365,-0.0060623082978579134,1.9024444427755145,0.998499992241462,0.6641988940331158
1.7858806042836637,1.6662848509145132,-0.0034687130018666735,1.9075555599398084,1.1509999837312432,0.6625966864396196
1.6883016228243886,1.6695213721774858,-0.002989064043724163,1.897999988661872,1.011999989880456,0.6540331482393307
1.5894419873558334,1.672757243908248,-0.005188479033709979,1.8919999884234535,1.020055542803473,0.6594475078813279
1.4906655175306707,1.672937086011041,-0.002770468069674508,1.9098333381944232,0.884166662229432,0.6615469589088503
1.4044803716305108,1.673004389835472,-0.0032311157591470943,1.8947222199704912,1.0218888755473825,0.6528176849718252
1.30597990163659,1.6725161476618693,-0.0028948175537419894,1.912555557489395,1.0427222097913424,0.6540331437113536
1.2029387385821817,1.67041270001579,-0.0028771168173486526,1.915499993165334,1.0452777681251366,0.6480663004665743
1.1037377401740116,1.6728355416228107,-0.0028062579089299174,1.930777778228124,1.0412777702841494,0.6481767919182119
0.9988458214288176,1.6732799330930792,-0.0026197002246269507,1.93127777742015,1.1943333230084843,0.6514364629160634
0.8978468531203259,1.6726341011026706,-0.003977521956478729,1.9352222250567541,1.1045555459956329,0.6492817722137462
0.796563556114112,1.675616968790802,-0.0060805591217254285,1.9443888899352815,1.1018888800508446,0.6439778946381247
0.7011024236820855,1.680714426722199,-0.002701341228214819,2.060499996278021,0.9446111092964808,0.6439779025415031
0.5998307105295986,1.6807981206040603,-0.0044090250490322145,1.9263333370288214,1.1238333221938874,0.6282872991502614
0.4959310855939254,1.6771840474898507,-0.004233745349715453,1.9411111066738764,0.9720000020331807,0.6266298320411977
0.39425066739340764,1.6779430585123825,-0.00591737385322449,1.9496111104885736,0.9639444401694669,0.6229834303836137
0.29832514096697693,1.6800260059568117,-0.005606164370981272,1.953444438179334,1.0563888778289159,0.6184530324040197
0.19646912664809868,1.6809062010287912,-0.003276245788866218,1.9657222194804085,0.9466111070579952,0.6158563552311113
0.10050468587584405,1.6827622967870095,-0.0033415835884322005,1.9501666625340779,1.184277759409613,0.6117679573883668
-0.001472223733760103,1.6836635686865797,-0.0037325241956665555,1.9492222143544091,1.1899999867710802,0.6112707157655316
-0.06533833815335477,1.6916195062483537,-0.004734681837923214,1.959555556376775,1.0547777657707533,0.6090055338585574
-0.1177686419999251,1.69017194349526,-0.0046298854885697596,1.9582777738571167,1.2075555375880664,0.6017126959661094
-0.1458868179120394,1.6850016046771659,-0.004826959661875921,1.9576111177603404,1.0626666564908294,0.5961325902965188
-0.15496907930801385,1.6839587728389356,-0.003983911093774111,1.9713888883590698,1.0524444379740292,0.5872928140407109
-0.1814580866584823,1.6796317544604547,-0.012312446211975045,1.9650555537806618,1.055277772910065,0.5840883956429708
-0.2942436866574134,1.6585028828638402,-0.020382090066062047,2.0643888983461594,0.8701666578650474,0.5744198928715775
-0.3950986242425074,1.6435125514374578,-0.020739957441001284,2.2661666618453133,0.7424999956455496,0.5408287301906565
-0.5051071769077993,1.6317726587694406,-0.02388775463930835,2.2786111070050135,0.7191111106011603,0.5143646384635683
-0.6037801759967234,1.6323442191975568,-0.021892944567413117,2.3337777651018565,0.5536111146211624,0.5045303839840283
-0.7464710381921389,1.633976628244433,-0.026713154014925786,2.30994443529182,0.5618333323962159,0.5182320431121805
-0.8445901089830059,1.6361375117726453,-0.02699319744667366,2.333722217546569,0.5638333330551784,0.5390607769812009
-0.9265776865533013,1.6482245412908672,-0.029183627103852007,2.3409444408284292,0.6402222162319554,0.5962983443921442
-1.0254058825005856,1.646350133867732,-0.02694664186268891,2.3358888881074056,0.5244444437325001,0.6984530358024723
-1.1467741957032445,1.6456308852625243,-0.026963151645467788,2.2313333246443006,0.5267222221526835,0.9040331456048712
-1.2446153834437101,1.6480127806518023,-0.029959602922246933,2.236166657010714,0.5229444443351693,2.2776243054405763
-1.3489597631442436,1.6509327819858086,-0.02665423893124889,2.349999987416797,0.9552222176558441,2.216243096807385
-1.352524392052441,1.6352811512549756,0.02926367945646636,2.2487222280767227,1.0585000046425395,2.119116016185086
-1.3420742272018895,1.6071198466367624,0.12346400340054199,1.7328333354658552,1.4837777761949433,2.2932596608420104
-1.3339145196812456,1.5904266104164897,0.22505678620799052,1.263055553701189,1.5942222144040796,2.4465193363184428
-1.331399672433589,1.5844439507205035,0.3370649886229725,1.0441111124224134,2.06411109517018,2.3903867330669697
-1.331074833137194,1.5832348712628175,0.44284324617409554,0.8707777774996228,2.0599444452259275,2.254696131246525
-1.3187556924577422,1.5798621033785487,0.508847188675063,0.7635000013642841,2.211277775135305,2.488839755730076
-1.3220522274946784,1.5780001541363333,0.5434674607388305,0.7073333362738291,2.3014444392588405,2.5685635273298506
-1.3223926942799835,1.577753619484609,0.5567083757300001,0.6819444421264861,2.3116111273566884,2.4676243017391606
-1.3226822042672222,1.577256519234672,0.5635967985067863,0.6742222213082844,2.3448888922731084,2.646298323053023
-1.3391540265667565,1.5634750297380737,0.6159534848941123,0.6672777748770184,2.4343888895379173,2.4635911511452817
-1.3665488963538976,1.5410324612334785,0.7254164252743195,0.6428333312273026,2.645999983780914,2.149944745868609
-1.381449539917611,1.5267109111744848,0.8260179859446792,0.6170000016689301,2.4144444362984765,2.1528176834899417
-1.387672884618203,1.5202219154498278,0.9348435294029063,0.588277773724662,2.697499982184834,2.120607734220463
-1.3902079711804856,1.5201272108486306,0.9960543908439382,0.5654999986290932,2.459388894173834,2.0940331508770833
-1.385426722073806,1.5239947217798222,1.0209928164515425,0.5532777769698037,2.6936111039585535,2.0818784533284647
-1.3875441155877688,1.5217356809773124,1.0328417224198734,0.5469999990529484,2.457444437676006,2.0751381267829494
-1.387902860242848,1.5210709968034952,1.0367854288842988,0.5478333312604162,2.549833342101839,2.0716574577336813
-1.4009183539146637,1.4969399079795327,1.1004602490547963,0.5479999994238217,2.443277790149053,2.0717127090988896
-1.449762245622221,1.406822580860032,1.2039698004876123,0.5753888881868786,2.4214444551202985,2.085414362875796
-1.4882416762205395,1.3330939713208414,1.3030528661147347,0.6756111052301195,2.4214999983708063,2.2329281721655176
-1.4893752309436845,1.2966099613633766,1.407165170670186,0.7489999953243468,2.4065000010861293,2.125027610781443
-1.5083435580822844,1.278937684150689,1.4904925626288028,0.7711111075348325,2.629277770717939,2.04972373928813
-1.5201257158469303,1.2741217757143035,1.5412584095679658,0.7605555547608269,2.1726666622691684,2.2431491498130463
-1.527503061592519,1.2735369402749557,1.5599426596649262,0.7498333301809099,1.9156666689448887,2.722375664098487
-1.5288948628652115,1.2731771851245828,1.565071147346293,0.7415555543369717,1.7066111107667288,2.645801085134896
-1.533896040131392,1.2480677944923824,1.570720700347686,0.7416666630241606,1.6701111108064652,2.6605524651253423
-1.554635108600852,1.1452926963410617,1.568288221890562,0.7456666651699279,1.794555554456181,2.6875690547800852
-1.5686777459993504,1.048819417448343,1.5663152749180083,0.7854444430934058,1.9536666618453131,2.762375672877823
-1.57114178539417,0.9501109542764783,1.5651768749847192,0.8214444402191374,2.1830555535025065,2.5514364499413507
-1.5577995374973241,0.844358126740349,1.569521123076183,0.8548333297173182,2.1477222197585637,2.277127055008767
-1.564078495979551,0.7470227872640574,1.5642184113101076,0.8903333303001192,1.3212777747048272,2.478176793834781
-1.5849274571596679,0.6810926048414498,1.5683761399602643,0.9147222207652198,1.1523333330949148,2.720386720658666
-1.583111280318592,0.6487928602517901,1.5677499600799676,0.9251111106740104,1.0882777758770519,2.6832596634962282
-1.5786219023991617,0.637201727016107,1.5678033483540716,0.9356666713953018,1.062000003291501,2.875690601148658
-1.5771387138887958,0.6354883538193037,1.5677049452683547,0.9418333325121138,1.049277778963248,2.8763535877288375
-1.576945177216805,0.6353672106246124,1.567634282269335,0.9440000007549921,1.0506111135085423,2.8852486179019863
-1.5768404490164691,0.6353354095675154,1.567256674175911,0.9437222209241655,1.0494444467955166,2.885138107926806
-1.5767619119234624,0.6353089137730699,1.567176710911264,0.9435000002384186,1.0491111134489377,2.8872375537677364
-1.5446355524535509,0.6157034816904994,1.565220669715791,0.9457222206725014,1.0516111130515735,2.8890607630350313
-1.5117681303795347,0.6053917556692969,1.5691014485453727,0.9835555526945327,0.9873888888292842,2.855138113156208
-1.4888053844081615,0.5975308486959654,1.5721266148502275,0.9984444402986102,0.955555552078618,2.662596678865549
-1.4671609283902036,0.5929249977398205,1.5738357155616136,1.033277780148718,0.897166665063964,2.757624308542652
-1.4373559172569035,0.5856471837054023,1.5740796919154798,1.0490555571185218,0.8676111095481449,2.7101105028423813
-1.4374561399102639,0.6531552722127776,1.5760675244043032,1.0807777739233442,0.807833331823349,2.6412707176985664
-1.4589422486969994,0.6194654281111673,1.5736994387961034,1.0575555599398083,0.8517222308450275,2.588232032172588
-1.539193018705781,0.49677403258267727,1.5836632460081215,1.0545000006755194,0.8608888869484266,2.4858011084696208
-1.4978985337657544,0.4898574446026256,1.5851726250627156,1.002722222606341,0.9490555528137419,3.55469612571416
-1.4397833000795455,0.3438714241955001,1.5807393834397487,1.0450555500057008,0.8763888877299096,3.281491705561211
-1.4413774410452547,0.3603927591467495,1.575108865779756,1.1402222206195196,0.7850555522574318,3.525414354893384
-1.441231550929805,0.3595176069907122,1.5759370354142253,1.142444443040424,0.7627777765194576,3.4024309203111005
-1.4412211268683812,0.359528149459603,1.57587166752363,1.1422777775261137,0.7647222199373775,3.53022097487476
-1.4412158530042163,0.35952292872215175,1.575815867724645,1.141833335492346,0.7651666651169459,3.535966837603743
-1.4412211170164397,0.359528148270126,1.5757854374820845,1.1421666658586926,0.7651111086209615,3.5387845131573754
-1.4412263285750626,0.3595228770985903,1.575726468712686,1.1423333336909611,0.7651111091176669,3.5385635188929943
-1.4412263285750626,0.3595228770985903,1.575726468712686,1.1427222235335244,0.764722221924199,3.538729268542969
-1.4258661410874591,0.3362965584191713,1.6346987856866928,1.1417222228315143,0.7651111079586876,3.53883976699239
-1.3424666721345453,0.2725871392437149,1.8214475106597066,1.1107222192817263,0.8078888846768273,3.397237556086061
-1.27373590275114,0.215866184122254,2.0490617270493567,1.0513333360354105,0.9003888863656256,2.7952486128438245
-1.2092092000424124,0.17336680045924702,2.255335694207825,0.8893888903988733,1.154166670474741,2.342044192124467
-1.1591590371057912,0.15590780855191788,2.4517269229335876,0.8026666657792197,1.3119444403383467,2.135414355038279
-1.0779733299465377,0.14524872249358456,2.649907047229631,0.8087777786784702,1.3835555541846487,1.7553591056423292
-1.051614014969168,0.10534645193915981,2.9127559121279525,1.256777783234914,1.4359444469213485,1.2957458585006756
-0.9861704677230723,0.06842486015522198,-3.087961709053598,1.7556111060910755,1.35405556095971,1.2929834219632228
-0.9128381113945068,0.010499124240469726,-2.7833622681394266,2.3300555600060355,1.170166661341985,1.268066295273396
-0.8145921093566297,-0.032327382216637446,-2.4648156815957427,3.5957777659098307,0.9478333360619016,1.4097789931033857
-0.6923667041702668,-0.06988685860352906,-2.172129775976829,3.1347222142749365,1.8274444232384364,1.5334254127839653
-0.5776528563961989,-0.10106356290244012,-1.8608842092451945,2.8778888954056634,3.475555512971348,1.6385082964739088
-0.528560612031491,-0.14338699116512466,-1.5561565607413241,2.956388881471422,4.290666615962982,1.6956353549799208
-0.48059083646964496,-0.1936329929793752,-1.243175929928775,2.562444421317842,5.0931666082806055,1.8259668534631888
-0.433662147071022,-0.24738780425070317,-0.943622503624229,2.3193888922532397,3.9494444184833104,3.140055227016217
-0.3838902133946398,-0.29329561877649635,-0.6422626006970391,2.236166664626863,2.438555560509364,4.114033104306427
-0.34312168017643074,-0.27948528641433645,-0.3445938566536594,2.105222204989857,2.2122777859369913,4.431491683201236
-0.29819016858029457,-0.24344409989090998,0.003979938685021033,1.0570000032583873,2.279499998688698,4.335248586222612
-0.250980897100888,-0.21969120032028577,0.28728820659596316,1.034888885418574,1.769500000278155,3.8143646137490457
-0.17794307212801108,-0.18380351744736867,0.5894552444753518,1.0320555508136748,1.1958888835377164,4.035580109496143
-0.08560876766162018,-0.1440855979681417,0.9135722583652149,1.0253888842132357,0.5735555534561475,2.791160206109779
-0.032515846672396265,-0.0806087571343701,1.2245536978087073,0.7876111126608318,0.8461111128330231,2.0662983420474754
0.016251135871643285,-0.0012261433384059828,1.4682753849628296,0.7329444428284962,1.1787777794731988,1.518784532724823
0.019532644035976432,0.006135841378508644,1.499253543895484,0.7984999943110678,0.8327777766519122,2.2733149098757224
0.01981681929976631,0.008842761784909392,1.4998020044576519,0.8066666579908794,0.979944440888034,2.3102209833116163
0.01984706666181779,0.008898405888879246,1.4994765681040143,0.8025555486480395,0.8178333327174186,2.2917679442885173
0.019852667067114638,0.008903259468273639,1.4993658195281765,0.8026666578319338,0.81877777311537,2.1554695995143764
0.019852668426313613,0.008903257288392474,1.4992515893998635,0.8032222131888072,0.8186666650904549,2.3164640623890893
0.01985267115496825,0.008903259652092821,1.4992515893998635,0.8023333233263757,0.8184999962647755,2.3842541201667893
0.01985266974993749,0.008903260470271679,1.4992477657716603,0.8019999911387762,0.8179999962449074,2.349557985916981